Id,activity_date,activity_type,elapsed_time,moving_time,distance,average_speed,average_heart_rate
c37bce3e-29f2-4300-8064-b2e89d623f0f,2018-11-18 10:37:03,Run,1949.0,1750.0,4768.5,,
9778dd5b-5314-468a-b27e-325cb7b46d5c,2018-11-19 17:17:28,Ride,3797.0,3764.0,21912.0,,91.80198669433594
f16d1c80-55a1-4c94-a273-561d2a92ac49,2018-11-21 18:43:33,Ride,4177.0,4045.0,23202.0,,102.36827850341797
d479d724-5a9b-41b8-81d0-36bfdafa24c4,2018-11-24 09:00:00,Ride,14404.0,12518.0,43066.0,,103.7138442993164
c8b57ebc-9e7f-4da5-82f0-cb63def4a8e9,2018-12-01 08:00:44,Ride,7814.0,7814.0,0.0,,105.44586944580078
5caf6c0b-296d-4f10-8e13-63fbe00eac3b,2018-12-04 17:27:38,Run,2770.0,2648.0,6718.0,,118.00691986083984
d1ed9129-740c-4316-b004-e4a70d2ec618,2018-12-11 06:50:30,Swim,617.0,563.0,427.8999938964844,,172.38613891601562
8929c6fb-a56a-4610-9a7d-89ba4d8f759c,2018-12-13 06:34:14,Swim,743.0,571.0,433.0,,125.47814178466797
7f4fdea7-f77d-431a-b000-8c898f2b7af1,2018-12-16 18:18:16,Run,2507.0,2475.0,7009.0,,129.92446899414062
bfc2988c-4911-424b-9190-b90c35a2251d,2018-12-18 06:34:05,Swim,647.0,482.0,353.6000061035156,,101.79502868652344
aadb44db-e44a-4f28-9fbc-05188c602323,2018-12-19 05:35:22,Run,1059.0,1053.0,2849.0,,137.4212646484375
e55a3a19-d940-4f23-a587-ad78f8419dfb,2018-12-20 06:58:03,Swim,618.0,524.0,489.20001220703125,,101.86786651611328
dbfc1bd6-d9e2-4d35-9918-2dee61ef83e8,2018-12-22 12:58:36,Nordic Ski,3733.0,3466.0,4982.0,,94.75404357910156
446b8a3b-a4dc-4eca-aef6-fa49793c248c,2018-12-24 07:09:51,Nordic Ski,4737.0,4299.0,7285.0,,94.37582397460938
ea25bc1e-dd9e-4760-9bc9-e711e891d7fa,2018-12-30 18:43:30,Run,2584.0,2550.0,6761.0,,131.25616455078125
5f1582bb-c115-4f51-b367-b98cdd0924bc,2019-01-01 14:42:20,Run,3734.0,3726.0,9317.0,,
5cf3623d-45a9-40c5-b411-c344ef98312d,2019-01-03 06:37:18,Swim,641.0,489.0,354.0,,116.15180206298828
3b142983-3605-4f26-a85b-0f56588f16b0,2019-01-04 16:14:25,Workout,1344.0,1344.0,0.0,,107.47172546386719
68a0797d-98c2-4c1c-a841-dba4c4b9ce48,2019-01-05 09:30:34,Run,1792.0,1696.0,4972.0,,147.7423858642578
19f0ed02-b2f4-4712-aa8c-b9e2eea6d182,2019-01-07 16:15:40,Workout,4083.0,4083.0,0.0,,125.80921173095703
d6562f5b-c569-4bbf-8049-adb8930f9114,2019-01-09 17:03:51,Workout,2959.0,2959.0,0.0,,98.74585723876953
03e54cb9-0e8a-4cfd-adc1-d1c7b01bbcff,2019-01-12 19:35:40,Run,2354.0,2349.0,6954.0,,135.4458770751953
34c48f4e-caf9-401b-8fc0-b66aa17f45f1,2019-01-15 06:27:35,Swim,727.0,611.0,516.0,,151.41725158691406
a4f8e7da-4125-4013-980c-cfb87145272b,2019-01-17 06:44:23,Swim,741.0,639.0,540.0,,113.22708892822266
fe7dfebb-749b-4452-84bb-85153a90ef52,2019-01-16 16:42:37,Workout,2885.0,2885.0,0.0,,95.94281005859375
ff5bc61b-589e-46f7-96bd-1a78644421a9,2019-01-21 17:01:30,Workout,3388.0,3388.0,0.0,,118.3946304321289
1135958d-e87f-4465-bcfc-833218287044,2019-01-27 12:22:12,Ride,4179.0,3986.0,18090.0,,110.55989074707031
1a4a02ae-d448-4fd0-a34c-a1975078313d,2019-02-02 09:22:23,Workout,13249.0,12507.0,37579.0,,
2dfc990a-ff91-4df5-a6da-fa25baedf95c,2019-02-08 06:08:15,Swim,611.0,522.0,414.6000061035156,,122.07603454589844
8c87d27e-0cf4-44d5-a37a-c140926c2a63,2019-02-17 10:09:55,Run,1526.0,1499.0,4892.0,,152.68089294433594
3d82ed66-33b3-46fc-82e0-7b5e87e6e199,2019-02-13 05:52:44,Swim,1198.0,572.0,620.4000244140625,,112.25585174560547
4fe789d3-90be-4b7a-b575-de20ce54cbaf,2019-03-01 06:40:25,Swim,673.0,673.0,304.0,,115.4631576538086
2b7c86b9-5356-4b12-82ab-6b562997c1e2,2019-03-02 15:07:23,Run,4446.0,3970.0,11525.0,,129.77084350585938
e97fbd92-9d78-42a0-904a-f96dd302343b,2019-03-04 16:00:11,Workout,2700.0,2700.0,0.0,,
4c9e1efb-0211-44fd-9fc8-618ea2b19c4c,2019-03-06 06:27:00,Swim,731.0,731.0,450.0,,160.9972686767578
2b6e36a2-ebad-4f44-871e-60bb387ef3cd,2019-03-06 17:52:34,Run,1382.0,1094.0,2615.0,,119.62212371826172
74d57830-e46b-425c-bf4e-2197af56b8cc,2019-03-08 16:00:52,Weight Training,1800.0,1800.0,0.0,,
9c9880e1-f32c-473e-a6b9-f00afe4f309c,2019-03-09 09:00:54,Workout,5400.0,5400.0,0.0,,
a7b79652-357b-4722-b81c-0efcb0916889,2019-03-10 15:31:42,Run,3029.0,3005.0,8930.2998046875,,
44d93859-6778-493a-9f57-ac283a231bf0,2019-03-12 17:00:30,Workout,2700.0,2700.0,0.0,,
7177a6b0-5777-410d-badc-0eaacc5d298a,2019-03-13 06:34:18,Swim,705.0,705.0,468.0,,166.6695098876953
77220b79-816e-4b79-a180-813b589c29ae,2019-03-14 05:50:48,Run,1056.0,1030.0,3020.0,,123.41666412353516
d69787ee-5bde-4712-89a0-d6bb3b5a1db6,2019-03-17 10:22:43,Run,1730.0,1623.0,5248.0,,152.6683807373047
f5fd65d3-71d0-434d-a379-4d1340033df6,2019-03-18 16:45:08,Workout,1800.0,1800.0,0.0,,
817a3e44-a19e-42e8-ae8a-24ffc496ea9f,2019-03-23 16:33:50,Run,2450.0,2450.0,6837.0,,118.68463134765625
6639adf4-c1c4-44a9-9d85-0b00b674e4ae,2019-03-24 09:25:30,Walk,6970.0,6260.0,6275.0,,
534ce8c8-787b-4ddd-abf9-bb7f6e10ed8a,2019-03-28 05:27:07,Run,783.0,783.0,2585.0,,126.86100006103516
ead687b5-dcbb-474b-87a2-d7ba6b9df3e0,2019-03-29 17:41:18,Weight Training,1800.0,1800.0,0.0,,
1165d288-e523-448b-9737-d8442ccf31e3,2019-03-30 15:59:25,Run,3961.0,3961.0,11577.7998046875,,
22e845f5-5bf7-44a9-bc0e-aae1fa52a8c5,2019-04-01 19:27:30,Workout,2700.0,2700.0,0.0,,
c2a96db2-b2c3-4f29-a66a-cf99c160b66a,2019-04-02 15:54:49,Run,1685.0,1470.0,3488.60009765625,,
abb077b1-1874-46b8-93b8-4e61e64469d0,2019-04-13 11:43:47,Run,3641.0,3243.0,6511.0,,136.82476806640625
39bea553-ea0f-4811-95ae-26fab6120d0e,2019-04-14 09:40:50,Run,7637.0,6914.0,14576.0,,137.41835021972656
59c0e040-7bf7-4d32-bf3b-9f5a4d79a9ea,2019-03-03 18:40:30,Workout,27.0,27.0,0.0,,69.70370483398438
8060bc91-145b-45d5-9ce8-21d47f34de28,2019-04-17 16:00:25,Workout,3600.0,3600.0,0.0,,
f68be29a-3a19-4303-8883-2207af046fde,2019-04-18 05:25:05,Ride,1702.0,1308.0,5766.0,,108.5081558227539
ea3a25c8-0b08-4e59-91d6-b76527b31679,2019-04-18 15:25:25,Ride,1629.0,1442.0,5681.0,,99.46194458007812
f5f5b399-f9d3-4e29-9a2a-217fbea167ec,2019-04-19 04:24:39,Run,1286.0,1263.0,3037.0,,130.84608459472656
42cd8a2d-b049-428a-9051-2bcba8ab0be5,2019-04-19 06:25:31,Ride,1583.0,1412.0,5774.0,,81.62141418457031
5c80bbd2-faab-4909-8ae6-e4992b1c6315,2019-04-19 15:27:40,Ride,3091.0,2716.0,12620.0,,95.96253204345703
ea4869b5-a9c2-4487-af79-82dde356fb8c,2019-04-21 05:52:02,Run,1279.0,1279.0,3553.0,,124.37785339355469
18b05c80-b7bb-4018-9930-2c0372f4b53f,2019-04-22 11:58:19,Run,5810.0,5656.0,8343.0,,114.59542846679688
9c6e1420-42a4-4dc1-89df-0503b8a2a952,2019-04-23 06:26:44,Ride,1280.0,1280.0,5900.2998046875,,
58c8c27b-4047-407e-80ce-4281b7359dc0,2019-04-23 15:42:49,Ride,4282.0,3156.0,16763.69921875,,
ed227974-4666-4c80-a65f-aa3c792e4778,2019-04-25 15:10:17,Workout,3600.0,3600.0,0.0,,
8fd29dd2-6af1-4449-a064-823c56fcb367,2019-04-26 06:18:27,Ride,1452.0,1229.0,5719.0,,117.30130767822266
59c2afd4-a3ea-4525-9f32-eda0bdca9b1c,2019-04-27 07:14:14,Ride,16741.0,14818.0,66457.0,,118.56156921386719
9f35783a-0619-4ec9-89b0-c079a0ff5394,2019-04-26 17:03:00,Ride,2110.0,1822.0,7867.0,,109.4952621459961
87014d05-704b-4b15-85be-3c832d2d9d64,2019-04-30 05:30:47,Ride,1468.0,1229.0,5784.0,,80.96822357177734
8e222b98-ae6d-473a-9a1c-74830ff3e769,2019-05-02 16:00:48,Workout,,3600.0,,,
c05bd16e-87e2-495c-8ca7-b1b3e4057873,2019-05-01 09:00:01,Run,,3018.0,10062.400390625,,
d0f14f1a-b19c-4134-b83d-056d18ae72e0,2019-05-04 05:51:59,Ride,,3781.0,22497.0,,
157b8df6-9e92-4fda-8f33-14d5fc14a429,2019-05-13 05:40:08,Ride,,1276.0,5746.0,,103.0
d5d9aadc-5325-413d-bfc5-1e8db4755849,2019-05-14 05:52:17,Ride,,2152.0,9893.0,,117.0
332a96b1-611d-452d-aeb3-f576c2ec250e,2019-05-14 16:31:55,Ride,,4061.0,16585.0,,110.0
35176d82-cfed-41c5-927b-f5d4631b642d,2019-05-15 15:50:35,Run,,1438.0,3637.300048828125,,
90a368a0-39d5-4a16-84ac-45262e14228f,2019-05-19 09:00:03,Ride,,7585.0,48804.0,,149.0
47ce2f76-43c1-422d-b5d9-1adfc05ac6c2,2019-05-21 04:19:31,Run,,1038.0,2934.0,,115.0
d652649a-7d2d-46f9-9819-ea6af4124be3,2019-05-22 05:03:29,Workout,,3600.0,,,
94866604-daaa-4842-8beb-2e7af597199b,2019-05-22 15:57:51,Run,,3338.0,6381.0,,129.0
243fb3ec-8a1d-4edf-8e58-dcb0e275b866,2019-05-23 16:38:12,Run,,818.0,1617.0999755859375,,
77ba8d3e-210f-459f-b37d-ef3fb8ac3693,2019-05-25 08:29:02,Workout,,18821.0,58005.0,,141.0
faaf3824-f01d-4a35-8847-f6298f05fd30,2019-05-27 15:39:21,Run,,4357.0,8096.7998046875,,
f1a880f9-c648-4b8e-9d38-ed6b90d4d535,2019-05-28 17:29:42,Workout,,3600.0,,,
51820d59-5090-4e96-8846-3bfdda33d1b1,2019-05-29 15:52:42,Run,,2947.0,6056.0,,139.0
21c9d13c-3dc6-4d56-b0b1-53e6069918e7,2019-05-30 04:18:59,Run,,1035.0,3006.0,,114.0
1e263483-78ff-40bb-b0e9-a23cdebbf6fc,2019-06-01 07:58:52,Workout,,21113.0,47217.0,,125.0
67cf7c24-02fa-4911-9aac-3a4f09ca25e9,2019-06-03 05:41:22,Ride,,2644.0,8954.0,,103.0
26fad1e0-68f0-4570-bc44-745497d70045,2019-06-03 15:47:19,Ride,,2094.0,13244.0,,102.0
bfa3ae01-ac2f-4313-8427-4e42c39c78d4,2019-06-03 17:57:59,Ride,,2152.0,11452.0,,122.0
c59b9c48-d365-4c73-aea7-d744e298de71,2019-06-05 06:10:29,Workout,,3600.0,,,
dba7b2ac-15d3-49a1-bdc0-419d770bb162,2019-06-06 16:51:45,Run,,1351.0,4456.0,,143.0
f71ec5e8-bf07-465c-bdf0-7e54b14216a1,2019-06-08 09:00:06,Run,,4148.0,11452.0,,147.0
83964511-1555-4347-8669-df904c500f3e,2019-06-10 15:31:26,Ride,,2529.0,10665.0,,87.0
290af18b-177a-46a4-87ec-73c9789b0b94,2019-06-11 14:57:50,Run,,4173.0,7661.0,,118.0
d69a12ac-e90c-4d05-b10b-d388097a1b5a,2019-06-11 17:00:48,Workout,,3600.0,,,
80a1f07e-7e21-4ee3-b047-6c65d01be9e1,2019-06-12 05:45:09,Ride,,2588.0,9253.0,,106.0
ebea195f-e807-4608-b317-066c68f05462,2019-06-12 15:57:08,Ride,,4377.0,25322.0,,104.0
4799048d-9da7-432f-8099-fa172c196358,2019-06-13 17:34:22,Run,,698.0,1901.0,,119.0
25276bd3-b4c0-4da1-b019-5a215ed9887e,2019-06-13 16:37:13,Run,,1462.0,4496.0,,129.0
b3915b20-7273-4b84-a225-292d3c7d7dcb,2019-06-16 09:00:00,Ride,,7464.0,42700.0,,138.0
373902ac-21df-4165-8bd3-a29e9b69c965,2019-06-18 16:09:31,Workout,,3600.0,,,
982ef98f-a6d6-4c49-a52d-f06660db33c4,2019-06-19 04:10:07,Workout,,3600.0,,,
8cfc5d8a-cdcb-43de-b4a4-3ad5d95a874e,2019-07-15 06:19:25,Ride,1578.0,1266.0,5635.0,,104.0
7c3ea194-6978-48f8-9b3a-5c57a29d0d7a,2019-07-16 05:58:50,Ride,2280.0,2199.0,8490.0,,100.0
b9449e82-5b54-44fb-8e00-eba41d19c48c,2019-07-15 16:42:18,Ride,4179.0,4074.0,23676.0,,107.0
4ba15b2d-9836-4ba2-8f27-80c29efb6723,2019-07-18 16:41:08,Ride,5058.0,4887.0,25460.0,,92.0
0a719918-996f-491f-810f-d500ac5c8b68,2019-07-21 10:02:00,Ride,9321.0,8809.0,47776.0,,135.0
597cbadd-ed19-4eb4-b598-dd40def2cb75,2019-07-28 17:19:32,Run,1420.0,1420.0,5065.0,,142.0
e742e616-6a50-45d5-a9d1-fb71cccd668c,2019-07-29 17:32:53,Workout,3600.0,3600.0,,,
985dff8b-2970-4c69-b2fa-742791821dbf,2019-08-01 16:37:52,Run,1670.0,1670.0,5216.0,,142.0
2a9712b9-02e0-4e08-8033-4a77d23f8f3f,2019-08-03 07:44:50,Workout,16255.0,14645.0,37827.1015625,,
670b0081-cde5-4050-bb1e-1c03e8098681,2019-08-05 06:12:59,Ride,1931.0,1592.0,6144.0,,83.0
5edd607e-2be9-4dc8-a073-45447946dea5,2019-08-05 15:58:48,Ride,1827.0,1684.0,9344.0,,99.0
43671286-cb87-49e4-8f9f-a7baaefce265,2019-08-11 09:00:03,Ride,9643.0,9615.0,53086.0,,139.0
7b74af5c-388f-47d5-bc33-7c4b6d026754,2019-08-24 07:59:56,Workout,21911.0,20171.0,56470.0,,134.0
b82b126d-80fa-411c-b2df-fb5d17437cab,2019-09-07 05:55:43,Run,2472.0,2445.0,6970.5,,
b0883708-1810-48d6-bdee-bab95b67173c,2019-09-08 06:01:15,Run,1836.0,1836.0,6328.60009765625,,
61ca8a9b-9303-481a-b24f-bd57c0c856a3,2019-09-16 16:27:53,Run,2033.0,2032.0,7045.0,,137.0
5d84f3ec-a5db-4468-8976-f98658681bec,2019-09-17 16:19:49,Ride,4311.0,4167.0,23199.0,,94.0
e07aae55-02c0-4a8b-a603-02e678c3a317,2019-09-22 09:00:04,Ride,7126.0,7102.0,39889.0,,146.0
7bbbfe9d-bfb5-4ee1-9777-d7453b42eafc,2019-09-25 04:26:28,Run,2219.0,2219.0,6890.0,,128.0
46ea5e5a-4136-4400-ba46-86f65ed89a13,2019-09-26 05:45:52,Workout,3600.0,3600.0,,,
1844c986-508d-4df8-b0fe-66e008cc88cb,2019-09-26 15:12:51,Run,2615.0,2281.0,4395.7998046875,,
d6018499-6975-4c4c-93c7-5af3693d5ba2,2019-09-28 08:56:41,Workout,9091.0,8629.0,36311.0,,138.0
dc6a6851-312e-4bd3-9b35-a2f7fcd06d64,2019-09-30 18:47:36,Run,3107.0,3104.0,10059.0,,134.0
32537289-f542-49d9-8dce-fa52a1aa939b,2019-10-01 15:18:09,Run,1622.0,1524.0,3780.0,,134.0
8344615f-596a-4cd5-9e4c-b0de33b6ddb2,2019-10-02 19:01:15,Run,3192.0,3192.0,10080.0,,132.0
46ffb211-8a57-4bda-b1b0-b9b2b00c6923,2019-10-08 16:55:18,Run,4637.0,4623.0,12050.0,,110.0
9e75de4e-0f4e-40cd-94e5-3d90c1dc1966,2019-10-10 15:57:05,Run,4843.0,4836.0,11950.0,,115.0
c14e9d03-873a-4486-adfc-6ed22c5353aa,2019-10-13 14:07:34,Run,5643.0,5632.0,14029.0,,114.0
212e152b-5c56-49f9-8e8b-ab3c43db6420,2019-10-15 16:22:30,Run,5289.0,5240.0,14382.0,,123.0
ce4ce144-c24e-48a5-a527-43cbba64584c,2019-10-19 09:00:00,Run,8677.0,8554.0,24693.0,,136.0
e495b4cf-5b94-4f5a-bd9e-0b2af29e1825,2019-10-22 15:51:48,Run,2607.0,2603.0,7145.0,,127.0
4620075d-df2b-4101-8a51-72c0d25a4dcf,2019-10-24 16:13:49,Run,4454.0,4448.0,12011.0,,118.0
9717c783-9af5-4a32-8466-652b735e5996,2019-10-25 09:59:28,Workout,3600.0,3600.0,,,
79b095d6-e844-4742-934d-cd5df46add6a,2019-10-26 21:13:53,Run,2747.0,2250.0,6490.10009765625,,
f3836cd4-80c0-4cb8-8744-50ca466c373e,2019-10-27 10:11:32,Run,4375.0,4351.0,11019.0,,128.0
0902ebba-18f5-4046-8d89-84f0fe1522e3,2019-10-29 19:39:05,Run,4098.0,4097.0,11017.0,,118.0
b14fe30b-f18b-4020-a9b5-c8852e9bfffe,2019-10-31 06:51:07,Workout,3600.0,3600.0,,,
db918192-6373-4324-b3e9-2e176258218e,2019-11-03 17:06:00,Run,5613.0,5610.0,14264.0,,121.0
3282baaf-f54c-4596-a1ca-c4ddde4fb3e0,2019-11-05 18:50:29,Run,3452.0,3448.0,9681.0,,127.0
7fda04f6-bf0a-4a47-8c86-469c0fe78ccf,2019-11-06 06:00:10,Workout,3600.0,3600.0,,,
88975765-7c5e-42ac-992e-959f72f404f7,2019-11-09 09:59:56,Run,20785.0,19587.0,43088.0,,124.0
9f16357b-fcb8-41d6-9fce-5ed24b672df6,2019-11-11 17:00:56,Workout,3000.0,3000.0,,,
448e5f61-fe00-446e-a2ad-9303f420f642,2019-11-16 05:33:04,Run,1242.0,1191.0,2327.0,1.8730000257492065,139.0
bc133fb3-726a-4da3-b10d-13d0587d58d1,2019-11-15 07:00:09,Workout,3600.0,3600.0,,0.0,
1a86528e-1440-4e96-b441-8e304bdbf922,2019-11-20 05:21:20,Run,2463.0,2460.0,7339.0,2.9809999465942383,134.0
b4ba950e-4cf5-42e5-ace4-5487763ac063,2019-11-20 18:14:50,Workout,3000.0,3000.0,,0.0,
ba652639-0b8c-41d6-a348-3a0a5e10edab,2019-11-23 09:00:22,Run,14061.0,13047.0,31646.0,2.250999927520752,130.0
420a633b-caac-41ce-8d0a-abfb44327a50,2019-11-30 09:34:47,Run,1938.0,1411.0,2142.0,1.1050000190734863,124.0
8d208726-bb69-49bf-86cf-f4bdc0b15d10,2019-12-03 06:44:17,Workout,2700.0,2700.0,,0.0,
7f0b5e91-6fab-4f96-9b93-de93de4b797a,2019-12-03 18:08:08,Workout,2700.0,2700.0,,0.0,
f4a62e1f-2f42-4a66-865b-cb76184b626e,2019-12-05 05:24:11,Workout,2700.0,2700.0,,0.0,
50e7d858-cab4-4ce0-abcd-fe9feb519615,2019-12-09 05:25:55,Run,2393.0,2393.0,7047.0,2.946000099182129,
61e87521-de37-4d81-a1c6-879da30bed4f,2019-12-12 18:06:04,Workout,2700.0,2700.0,,0.0,
288f91a6-6275-448a-9bb9-ad54582a17ee,2019-12-14 09:44:50,Swim,93.0,82.0,74.19999694824219,0.9100000262260437,116.0
eb63606c-11c1-472a-96c6-e6d8d1ad1bee,2019-12-14 09:47:16,Swim,774.0,596.0,510.0,0.8550000190734863,162.0
14345143-23a3-44da-86b7-f4f26e84b5ed,2019-12-22 12:44:11,Swim,1231.0,956.0,527.0,0.5509999990463257,152.0
58cc0547-14e5-405d-876f-e3b6641ac7ec,2019-12-25 08:33:31,Run,1921.0,1918.0,5473.0,2.8499999046325684,137.0
ee541a0a-fc3d-4726-9ba4-1ec13a9e95c8,2019-12-26 09:11:56,Run,1918.0,1918.0,5605.0,2.9240000247955322,121.0
2577fbaa-6c73-40e4-baad-740185c785d8,2019-12-28 10:00:38,Weight Training,2700.0,2700.0,,0.0,
abe2a59e-9740-457e-ab59-1f93e9347793,2019-12-30 19:25:59,Run,2587.0,2584.0,7438.0,2.875,131.0
a9f8e0f1-1bdb-42a6-b372-64643d4e060c,2020-01-02 19:38:09,Run,2834.0,2834.0,7193.0,2.5380001068115234,122.0
d1a3f63f-9b75-464c-9250-3ea09f7f91f4,2020-01-03 19:15:45,Run,2623.0,2615.0,7434.0,2.8350000381469727,
38484862-581f-414e-9e79-94efc69c2f56,2020-01-04 13:19:11,Swim,948.0,652.0,476.0,0.7300000190734863,110.0
bb7aeb80-ee46-4da0-9031-3ab3dee762a3,2020-01-05 16:02:31,Run,2712.0,2690.0,7367.0,2.739000082015991,124.0
0fc40eff-7faf-4ea5-997d-e4a615cab4bd,2020-01-06 17:11:11,Run,2764.0,2761.0,7577.0,2.740999937057495,
4e9c2cab-9d88-4a6e-97b4-b795f5f0a58c,2020-01-07 17:27:39,Run,3135.0,3135.0,8543.0,2.7260000705718994,125.0
b7c6429b-fefe-4eed-bbc3-aa2bd3d709e1,2020-01-11 18:44:26,Run,4233.0,4123.0,10042.0,2.434999942779541,123.0
72d3082a-d995-42d6-b01b-7150d0596f89,2020-01-12 10:00:43,Weight Training,3000.0,3000.0,,0.0,
2c64710c-2fe0-4e61-bce8-154bc9fe51a4,2020-01-12 19:08:00,Run,2566.0,2566.0,7536.0,2.937000036239624,131.0
e28761ee-998a-45b0-889e-4d1f865b0402,2020-01-14 21:01:53,Run,2650.0,2650.0,7428.0,2.802999973297119,127.0
7bd4b689-74e5-4f44-b79f-48b02d8f6c7a,2020-01-15 17:19:52,Workout,3000.0,3000.0,,0.0,
37a28658-b211-4314-a753-d3a16efc1e07,2020-01-28 05:28:53,Run,1700.0,1661.0,4393.0,2.5850000381469727,119.0
7ef99b4c-0866-4b9e-a2ab-64a560fad496,2020-01-16 18:45:45,Run,2573.0,2573.0,7255.0,2.813999891281128,121.0
2608e43d-bed5-4348-97b3-4bdbf5bb738a,2020-01-27 18:13:38,Run,3654.0,3596.0,9674.0,2.690999984741211,127.0
08babc88-6520-407c-9da8-d2466c08653b,2020-01-29 18:11:02,Run,4254.0,4254.0,11166.0,2.625,128.0
fb52a02d-7bf9-4057-9323-50cd62007cd7,2020-02-01 10:00:18,Run,14845.0,14126.0,29834.0,2.009999990463257,119.0
5d6278b6-c5a8-46b6-8767-b78b4f197531,2020-02-02 10:58:59,Swim,1242.0,959.0,629.0,0.6549999713897705,166.0
1b241bf7-652a-4bf1-989e-edcc988e478f,2020-02-03 19:54:51,Run,2643.0,2636.0,7529.0,2.8469998836517334,128.0
4d1cd078-5dc4-4c26-af20-f4b94a8d472e,2020-02-04 18:12:28,Workout,3300.0,3300.0,,0.0,
e77378b2-3296-4e8e-822a-fa74f0a8f5e9,2020-02-06 19:24:53,Run,2827.0,2824.0,7908.0,2.796999931335449,
bce55aa8-b324-44a3-b106-093029201c06,2020-02-07 14:17:18,Workout,5400.0,5400.0,,0.0,
f21aac74-a2a8-4fd4-abe5-128517647589,2020-02-07 18:20:30,Run,2843.0,2843.0,7308.0,2.571000099182129,140.0
0ba59acc-92f0-458f-aa7d-3435b6e9c5d2,2020-02-08 06:03:08,Run,6870.0,6852.0,14808.0,2.1610000133514404,134.0
45f9b1b6-1130-4146-a9a5-a5d6364e13c9,2020-02-10 06:24:43,Swim,1103.0,959.0,629.0,0.656000018119812,170.0
1381a08f-dd78-441e-a982-a186c79a8c02,2020-02-10 17:48:36,Run,3397.0,3287.0,8708.0,2.6489999294281006,116.0
97e12634-c196-40fc-bed1-306f410c7485,2020-02-11 17:16:32,Run,3883.0,3878.0,11025.0,2.8389999866485596,134.0
48393054-1210-48c2-93c0-26a12cfe81e5,2020-02-12 07:02:48,Weight Training,2700.0,2700.0,,0.0,
6ddf59c9-7aad-4cb6-80a7-5d20886a372f,2020-02-12 18:15:16,Workout,3000.0,3000.0,,0.0,
7c365b75-eadc-435f-af81-c90af1815b3d,2020-02-13 17:22:56,Run,4353.0,4316.0,11064.0,2.563999891281128,139.0
5f0cc006-e218-4579-8493-460b55e944e2,2020-02-15 10:02:38,Run,1462.0,1426.0,4965.0,3.3929998874664307,
4014d460-146e-4025-9293-43350e76f2c7,2020-02-17 06:39:36,Workout,3000.0,3000.0,,0.0,
79f90667-a899-4c00-ad8e-161ea4cfa4d1,2020-02-17 17:28:37,Run,4209.0,4203.0,10793.0,2.563999891281128,148.0
669f04eb-798b-431b-beac-1244c7df02e1,2020-02-18 18:32:32,Run,4373.0,4357.0,11979.0,2.739000082015991,115.0
c55d06e3-c491-40b1-ab30-130862230c6e,2020-02-19 06:17:11,Swim,1365.0,1204.0,782.0,0.6489999890327454,183.0
79ed6f3e-4a43-409d-9144-618528cd436b,2020-02-19 18:26:37,Workout,3600.0,3600.0,,0.0,
d740ac68-f61c-4e76-9153-4656b13d1eb3,2020-02-20 18:34:00,Run,4254.0,4250.0,11799.0,2.7730000019073486,149.0
ab7d531a-7436-4dae-8535-02e42ba76589,2020-02-22 09:42:08,Run,4384.0,4354.0,12414.0,2.8510000705718994,146.0
8631669f-1552-46c8-822f-49b75bb9df70,2020-02-24 18:26:19,Run,3529.0,3514.0,9170.0,2.5989999771118164,122.0
eda2968e-f72a-4330-8c7b-207cefd17cc8,2020-02-25 18:14:54,Run,5352.0,3614.0,10055.0,2.7829999923706055,125.0
afbdf20d-c992-40d1-a948-d7d2aeebb1b2,2020-02-26 18:00:27,Workout,3600.0,3600.0,,0.0,
ecdc95b9-a8c7-47b9-b1e9-d0c0d16e91e5,2020-02-29 09:22:38,Run,3404.0,3403.0,4400.0,1.2929999828338623,122.0
05cb025b-5d66-482d-8368-a6cf6917e489,2020-03-01 09:59:58,Run,5326.0,5166.0,10201.0,1.9160000085830688,
a0f32248-e407-4d47-a27d-f8a44a93f608,2020-03-03 17:48:58,Run,3649.0,3645.0,9291.0,2.5460000038146973,112.0
746c4847-c4e8-451c-b565-b93a7256ea00,2020-03-04 17:02:18,Workout,3600.0,3600.0,,0.0,
b5904ef2-92c7-43c2-8483-a670842ddb08,2020-03-05 07:03:24,Workout,3000.0,3000.0,,0.0,
1c6bd379-fddc-4198-9fe8-adf60ec06d9f,2020-03-05 18:04:50,Run,5279.0,5264.0,14164.0,2.683000087738037,118.0
16cf9ada-1b28-4e02-bad7-bfef728e151c,2020-03-06 17:39:40,Run,4161.0,4158.0,11084.0,2.6640000343322754,113.0
c4446f75-9fda-48f1-837d-8b1fdbe73b3a,2020-03-07 10:14:22,Run,2116.0,1980.0,5548.0,2.621000051498413,108.0
b1feb63d-1572-4a58-a080-b31d7c75751b,2020-03-09 17:47:15,Run,4245.0,4244.0,12009.0,2.8299999237060547,127.0
6c1e56ba-8b75-496c-b03a-ea526cb711db,2020-03-10 18:38:03,Workout,3600.0,3600.0,,0.0,
689b10ff-4168-4c1f-87ec-4cbe7ed954e3,2020-03-12 19:55:02,Run,824.0,816.0,3248.0,3.937999963760376,
256a5a9c-cf49-4328-a0ef-18f89a119c42,2020-03-13 17:32:17,Run,4235.0,4232.0,11177.0,2.6389999389648438,123.0
bc3e4692-0ac7-4a5c-b09d-caa6c85ae3cd,2020-03-16 18:48:19,Run,3497.0,3497.0,10042.0,2.871000051498413,129.0
afeca884-c7cb-4d11-be98-40e7c512e3e9,2020-03-17 15:53:51,Run,3436.0,3436.0,10099.0,2.938999891281128,133.0
783a9dd7-25ce-4e38-a33e-dc24712db050,2020-03-18 16:38:41,Ride,5311.0,5220.0,24855.0,4.679999828338623,69.0
94061179-8650-4cac-a4ec-5c0a62d977d5,2020-03-19 17:24:30,Run,3631.0,3628.0,10260.0,2.825000047683716,127.0
ae966ff7-bbec-41ed-8b4a-705a6b834e33,2020-03-20 16:19:11,Run,3650.0,3646.0,10235.0,2.806999921798706,135.0
0f573283-8de1-461e-a793-9cdf90fb3ef3,2020-03-23 17:47:47,Run,3917.0,3910.0,10360.599609375,2.640000104904175,
ae7e7874-a9fe-4a33-8325-a17ed27d1c32,2020-03-24 20:15:46,Run,2785.0,2780.0,7685.0,2.759000062942505,142.0
61faf8b3-fb4e-4a28-9fba-18c25a056f5c,2020-03-25 17:19:55,Run,3079.0,3076.0,8024.0,2.6059999465942383,120.0
de0059d9-6de1-44e2-9975-9b4baf582989,2020-03-27 16:58:04,Run,3802.0,3799.0,10289.0,2.7060000896453857,138.0
ed9cd225-18fe-4f28-b90a-06392a6cef9a,2020-03-28 20:43:55,Run,3954.0,3947.0,10189.0,2.5769999027252197,124.0
2900673a-0b07-4aa2-a981-a5034f6fc2cf,2020-04-01 16:39:03,Run,3789.0,3777.0,10102.0,2.6659998893737793,118.0
8a5382e7-f273-4b9e-8d86-05a9576395f3,2020-04-03 17:49:02,Run,3900.0,3897.0,10139.0,2.5999999046325684,126.0
9df19c52-684e-4b57-b127-5098b5021228,2020-04-06 15:30:38,Run,3941.0,3908.0,10013.0,2.5399999618530273,144.0
9c4c0e81-6d6a-4626-8d04-fb5a62854a21,2020-04-07 16:56:25,Run,3549.0,3531.0,10329.0,2.9100000858306885,122.0
ad62c40a-70d2-441f-b69d-67f1515839b9,2020-04-08 16:16:55,Run,4077.0,4051.0,10357.400390625,2.5567514896392822,
e540edcc-489d-4eb3-9862-33033f041561,2020-04-10 17:16:20,Run,3874.0,3865.0,10296.0,2.6579999923706055,129.0
4623ca2c-920d-478a-9d92-7b3ceb89a899,2020-04-14 15:33:12,Run,3705.0,3683.0,10255.0,2.7860000133514404,
2bcb3f9f-8fae-4f4a-8b2e-230cc452119a,2020-04-15 15:37:48,Run,3611.0,3602.0,10350.0,2.865000009536743,
fff3a19b-6f53-4d5e-acf4-3d02b61839b9,2020-04-16 17:07:06,Run,3924.0,3887.0,10494.0,2.6740000247955322,137.0
261d48cb-176c-48b9-b142-97a0be2dffb6,2020-04-17 17:52:19,Run,828.0,721.0,1963.0,2.7249999046325684,119.0
4d5b5856-4df4-4a79-8f15-3120b4655520,2020-04-17 17:03:18,Run,2655.0,2655.0,7680.0,2.8929998874664307,132.0
547a4c86-68e9-4d3f-b41e-8168064e3520,2020-04-18 20:34:43,Run,3020.0,3010.0,7695.0,2.546999931335449,
06fbe0d7-0a4e-45be-969a-1913051aea2a,2020-04-20 18:44:42,Run,3909.0,3909.0,10228.0,2.617000102996826,
a14cfa56-4097-4104-bf32-e93eae0fdb03,2020-04-21 16:22:18,Run,3564.0,3487.0,10306.0,2.9549999237060547,134.0
c0ee5d1c-1916-4888-9dd1-a41776c43e1b,2020-04-22 16:43:53,Run,3576.0,3548.0,10206.0,2.875999927520752,123.0
52d419cb-9ee2-4416-8717-e3bd97705754,2020-04-24 16:08:29,Run,3557.0,3548.0,10154.0,2.8550000190734863,120.0
6abd23e9-bed9-440c-9ded-2e59ad2e3009,2020-04-25 13:36:46,Run,4352.0,4202.0,10223.0,2.433000087738037,125.0
320cfe2e-8aae-41b4-b296-d143c4fa15ef,2020-04-27 15:49:14,Run,3761.0,3753.0,10127.0,2.693000078201294,126.0
f68afb63-53aa-46bf-90e7-12d9e2858cbf,2020-04-28 16:59:04,Run,3063.0,3050.0,10025.0,3.2720000743865967,138.0
9ea368a7-433f-4401-9b11-56160af3b025,2020-04-29 17:56:15,Run,3783.0,3767.0,10224.0,2.7019999027252197,132.0
052c34d9-9394-4252-b38a-d064db966041,2020-05-01 08:12:43,Run,3783.0,3776.0,10182.0,2.696000099182129,134.0
2115d96f-1e34-46aa-b87d-df987838c816,2020-05-02 08:10:00,Run,3584.0,3581.0,10154.0,2.8350000381469727,122.0
7b3b9d6f-22a6-4041-ace4-8d26c42f466c,2020-05-04 17:25:43,Run,3501.0,3497.0,10296.0,2.941999912261963,125.0
b69b4bb9-7a30-49aa-9b9e-d3941d87cfc2,2020-05-05 17:32:47,Run,3756.0,3756.0,10310.0,2.744999885559082,116.0
bb9c6125-9f63-4007-8ead-e5407f7b7552,2020-05-06 15:23:53,Run,3919.0,3888.0,10428.0,2.6619999408721924,133.0
bdbadc20-ec1e-4095-aa68-dc763d298880,2020-05-08 16:41:45,Run,3496.0,3490.0,10297.0,2.946000099182129,126.0
b2c16c23-83a7-4bd6-84c1-f3675265c830,2020-05-09 10:07:44,Run,3275.0,3261.0,9230.0,2.818000078201294,138.0
3c2bff7d-39e3-41ea-8577-2ebace056152,2020-05-10 10:23:36,Ride,1265.0,1156.0,5495.0,4.638000011444092,99.0
fa53c8e6-026d-4f8b-ab7b-2ea6bd6dd6ff,2020-05-10 08:23:57,Ride,7150.0,6868.0,24190.0,3.428999900817871,102.0
86c80000-5268-4fca-8f28-b9b20534bedd,2020-05-10 07:51:55,Ride,1808.0,1483.0,6249.0,3.6459999084472656,107.0
ce90b862-8fb7-4bab-8676-7e8ba889f89c,2020-05-13 16:00:47,Run,3459.0,3452.0,10766.0,3.11299991607666,105.0
544d0c60-ce8c-4aa3-bbe5-550f71e0abb1,2020-05-14 16:43:50,Run,3560.0,3553.0,10270.0,2.884999990463257,102.0
bef650b8-407a-460c-8cf9-9091b73acc62,2020-05-19 16:05:35,Run,3258.0,3258.0,10081.0,3.0940001010894775,106.0
36436ee4-d869-46c4-9994-4d9c9709dbce,2020-05-21 19:21:56,Run,3953.0,3949.0,10350.0,2.6209166049957275,156.7079315185547
dfafd61f-83a1-4ab4-82f6-eeae30208ee0,2020-05-22 16:08:53,Run,3119.0,3110.0,10064.0,3.2360129356384277,150.299072265625
7a5f92bc-68de-49ce-8ddb-51af61725c5f,2020-05-23 17:08:39,Run,3341.0,3334.0,9141.0,2.7417516708374023,142.2633819580078
1c3cbb92-5ea5-456e-8016-26ba66ef053e,2020-05-25 17:04:20,Run,3115.0,3072.0,10201.0,3.3206379413604736,133.7769012451172
b2de7982-7a56-4620-bd5b-e0bf192d733b,2020-05-27 18:11:29,Run,2776.0,2761.0,7670.0,2.7779788970947266,135.26686096191406
3126efcb-61ec-4fe8-a5da-f50511f7a5aa,2020-05-28 18:03:54,Run,2852.0,2852.0,8002.0,2.8057503700256348,125.60957336425781
02bef466-c502-4062-aefa-68e274ba7e19,2020-05-29 17:47:19,Run,4423.0,4417.0,12359.0,2.798053026199341,145.74610900878906
5b290db2-efd7-47b3-a7be-9307aac58b95,2020-05-31 06:51:21,Run,4627.0,4222.0,13339.0,3.159403085708618,134.6317901611328
89f9b8b6-9383-4caa-a406-96a82ccaa9bd,2020-06-01 16:42:08,Run,3596.0,3596.0,10312.0,2.86763072013855,140.8900604248047
5037b387-0912-4288-9ea9-07cedf8af18f,2020-06-03 16:18:24,Run,3121.0,3119.0,9378.0,3.006732940673828,129.693115234375
d8fe4bcf-34c2-4f73-a258-167a5fe21fe9,2020-06-03 04:00:35,Workout,3000.0,3000.0,0.0,0.0,
088184ea-2344-420b-93a5-647b114389da,2020-06-04 16:28:59,Run,3247.0,3241.0,9452.0,2.916383743286133,134.26351928710938
5628dac4-ba38-4643-8f05-0a10017615d5,2020-06-05 17:13:17,Run,4470.0,3855.0,11223.0,2.9112839698791504,122.70195007324219
5b35ffbd-b54d-469b-81ee-39fd73612219,2020-06-08 18:32:15,Run,2518.0,2505.0,7664.0,3.059481143951416,130.50567626953125
23bffb24-91bd-48b4-acc3-65f584cf2816,2020-06-13 09:10:21,Run,4459.0,4408.0,10460.0,2.372958183288574,127.71868896484375
9d1a3abc-ecf5-43b2-99aa-cf533737173f,2020-06-16 15:37:11,Run,5207.0,4889.0,12100.0,2.4749436378479004,126.63126373291016
60537840-cd76-4709-ac90-a1145562fb50,2020-06-17 04:38:44,Run,3200.0,3145.0,9479.0,3.0139904022216797,127.79460144042969
9888f2da-de12-49fa-9333-2e01f6cb20b9,2020-06-18 05:33:24,Ride,2174.0,1901.0,9653.0,5.077853679656982,98.42205810546875
7e91b310-3f4e-45a7-a707-45fa1d51a7ad,2020-06-18 14:59:17,Ride,1786.0,1696.0,9835.0,5.798938751220703,102.10430908203125
12985dba-4a05-4b8d-8680-71fb9d60d299,2020-06-19 15:50:04,Run,4250.0,4206.0,11883.0,2.825249671936035,127.24518585205078
0b1de152-a75f-4984-8412-23d0d453efe7,2020-06-21 12:44:53,Run,5684.0,5645.0,16142.0,2.8595216274261475,118.35861206054688
fb21ead0-a8fe-4df8-b168-ae6fc17317e1,2020-06-24 20:02:34,Run,1458.0,1444.0,5106.0,3.536010980606079,145.39404296875
23ede27f-2fed-42bb-a756-eebe83d92b15,2020-06-25 16:05:19,Run,1599.0,1596.0,4661.0,2.9204261302948,119.92515563964844
672a5b61-161f-4ceb-b6bf-303114f50732,2020-06-25 17:07:02,Run,211.0,211.0,610.0,2.8909952640533447,114.54545593261719
d7ba940c-bea6-43cf-a8f4-92a20d9863d1,2020-06-28 18:47:37,Run,3280.0,3277.0,9376.0,2.8611536026000977,122.92899322509766
48cb6383-4d16-4e2a-8818-39d474025375,2020-06-29 17:54:39,Run,2805.0,2778.0,7639.0,2.7498199939727783,117.4146499633789
5b7a2b5d-b68a-487b-8b4b-2a9eac77bcda,2020-06-30 15:08:16,Run,1701.0,1607.0,5231.0,3.255133867263794,153.76025390625
1b7d83b6-1631-4d15-a038-f6e1f24eab39,2020-06-30 16:08:36,Run,841.0,709.0,2082.0,2.936530351638794,114.48857116699219
98805bf7-fdc1-4b43-898c-fdee297370f9,2020-07-01 16:16:33,Run,3446.0,3401.0,9137.0,2.6865627765655518,135.72718811035156
e732f5a4-2611-4c9c-8118-0ab7c73f1663,2020-07-02 16:59:53,Run,207.0,199.0,614.0,3.0854270458221436,123.3948745727539
364d8a6b-672b-4858-8c17-e01612582055,2020-07-02 17:08:14,Run,317.0,237.0,713.0,3.0084388256073,113.62281036376953
67601aa0-1622-4eff-b823-404ea8130b58,2020-07-02 17:21:07,Run,194.0,190.0,617.0,3.247368335723877,121.75806427001953
88973aa8-3032-4ac9-80ec-2e83c1749ef9,2020-07-02 16:02:07,Run,1579.0,1579.0,4758.0,3.0132994651794434,128.38719177246094
665e30a7-2a9a-4fac-8060-b7887b1a86b3,2020-07-03 15:25:23,Run,1865.0,1716.0,5125.0,2.9865968227386475,128.58047485351562
640b6b09-9e4a-4ba4-b77f-56cb986c8c55,2020-07-04 07:46:41,Hike,26603.0,15886.0,19908.0,1.2531789541244507,
0bbd77ba-7f3b-418e-bea0-70526a0fdd8e,2020-07-05 08:50:45,Hike,20737.0,10593.0,16022.0,1.5125082731246948,
7dac3309-71d0-4cff-939a-67b209f19b11,2020-07-08 18:13:53,Run,208.0,208.0,568.0,2.730769157409668,118.0625
4ae46bb3-b125-40b8-8a3b-83bde00bb188,2020-07-08 16:21:31,Run,186.0,186.0,641.0,3.4462366104125977,154.51075744628906
dd10b88a-a471-4fc0-8c4f-046adf6a2bf7,2020-07-08 16:26:52,Run,6340.0,6333.0,21399.0,3.37896728515625,135.10374450683594
6c3eb45d-c33f-4dd9-b347-c659ee57d458,2020-07-09 05:23:21,Workout,3000.0,3000.0,0.0,0.0,
72be6c96-c84c-4a7c-9e1c-c902ba5d57fa,2020-07-09 15:42:16,Run,2375.0,2238.0,5925.0,2.6474530696868896,148.6649169921875
0d3397f5-d498-48e6-9a27-54aefcfc5b1f,2020-07-10 09:15:22,Run,13.0,11.0,22.0,2.0,77.92308044433594
90d551c4-e6a6-4c99-8f32-15fe01de537a,2020-07-14 16:46:37,Run,219.0,213.0,611.0,2.868544578552246,140.91429138183594
00ef6ab9-d070-405c-9e7d-e09d5af6c02f,2020-07-14 16:56:39,Run,838.0,821.0,2680.0,3.2643117904663086,151.7224884033203
76466f74-7053-4774-9301-0e30e61cec44,2020-07-14 16:04:00,Run,1131.0,1105.0,3151.0,2.85158371925354,143.58370971679688
ebb79907-0996-4d30-8131-6e35a338dd22,2020-07-15 05:47:56,Workout,3000.0,3000.0,0.0,0.0,
072f1458-b2f8-401b-8b49-be5e17a2eeca,2020-07-17 17:40:28,Run,3532.0,3467.0,9489.0,2.736948251724243,127.7564697265625
52e367ba-82d1-497e-a195-9014b62798ce,2020-07-22 17:35:59,Run,3125.0,3101.0,9667.0,3.1173815727233887,141.16128540039062
f8176eea-1b51-4133-900e-08c9d56b7ec3,2020-07-23 16:08:36,Run,1140.0,1140.0,3457.0,3.032456159591675,155.77679443359375
eb1ae9a5-ed43-4902-a721-f8e3d6fa7dde,2020-07-23 17:01:21,Run,234.0,215.0,643.0,2.9906976222991943,121.76415252685547
e86d16d0-ac0d-47ea-97b0-e944e9c4dc30,2020-07-26 18:11:11,Run,1690.0,1685.0,5315.0,3.1543025970458984,138.048583984375
b68675ec-2428-4f7b-a374-9a14a0d89fee,2020-08-02 07:05:52,Run,6031.0,6029.0,21038.0,3.4894676208496094,153.74815368652344
2f2840f0-900d-43f5-99e2-35cab0da8551,2020-08-23 08:59:27,Workout,11391.0,10305.0,36252.0,3.517904043197632,137.05746459960938
257e7fa1-ddd9-4102-a74a-860efb18af64,2020-09-05 05:40:00,Run,2201.0,2195.0,6027.0,2.74578595161438,158.69679260253906
8566e1dc-2da0-4c05-8ba7-d225129b573f,2020-09-08 18:09:27,Run,1760.0,1760.0,5141.0,2.921022653579712,133.48858642578125
f941223b-cca1-45d9-8f7b-9df8ec8a28c9,2020-09-13 07:33:22,Run,4371.0,3771.0,11811.0,3.1320605278015137,139.46974182128906
7fb3b3ea-2003-4c3f-b513-d58ef06b1a9c,2020-09-16 04:10:58,Run,925.0,901.0,2629.0,2.9178690910339355,
80012b9c-65e7-49a3-a8d3-7a7177ec924b,2020-09-18 04:00:07,Workout,3000.0,3000.0,0.0,0.0,
350c97d5-50e6-454d-9e2a-5d332258bdf4,2020-09-20 14:50:01,Run,2636.0,2625.0,8053.0,3.067809581756592,157.61793518066406
05b0cca1-9fc5-437c-bfd1-1b4ebd919a8b,2020-09-20 15:49:03,Run,2599.0,2591.0,7639.0,2.948282480239868,162.21653747558594
79792c8d-e5ec-48f6-b9b3-02a36759a24d,2020-09-23 04:51:14,Run,782.0,756.0,2184.0,2.8888888359069824,155.73439025878906
339a7948-d049-44cc-b10f-0334e6c3b1fe,2020-09-26 14:21:46,Ride,7711.0,5256.0,15050.0,2.863394260406494,80.22274780273438
0f4cc7e9-eae5-4007-ae97-49506d1e77de,2020-09-29 04:50:59,Run,1086.0,1086.0,4046.0,3.7255985736846924,
7c9c84e7-9fa1-44dc-bc0a-c6cdd6427f2a,2020-09-30 04:47:34,Run,1919.0,1916.0,6051.0,3.158141851425171,130.90042114257812
01ef02e6-aa67-42cc-9165-370066cb83de,2020-10-04 16:57:44,Run,1990.0,1949.0,6544.0,3.357619285583496,140.72052001953125
883bdd79-a798-4356-badf-e1841a50ea6c,2020-10-05 17:38:56,Run,2633.0,2487.0,6949.0,2.7941293716430664,
2aa249c4-e081-48d1-8bc3-af8bfd833551,2020-10-08 16:56:02,Run,5276.0,5168.0,16293.0,3.152670383453369,131.5162811279297
0ff0a4cb-85fa-4ca4-b109-f5f67d9a9ded,2020-10-11 10:10:55,Run,739.0,739.0,2093.0,2.8322057723999023,
3da271e0-f8f3-46de-bdee-eb9c00f93c1d,2020-10-11 09:24:02,Run,2719.0,2719.0,10024.0,3.6866495609283447,
13c07b16-567c-4bee-9c6b-e51c2c174ec0,2020-10-12 16:55:03,Run,3572.0,3440.0,9155.0,2.66133713722229,144.78268432617188
728551bd-bfbf-4ce1-8487-75bbb7c95453,2020-10-17 09:00:02,Run,7364.0,7346.0,24974.0,3.3996732234954834,112.1311264038086
90306e4e-3a82-4f16-9dd2-fad0161ef1c2,2020-11-03 05:41:29,Run,1688.0,1663.0,4483.0,2.695730686187744,155.89244079589844
4749b9b4-2e3c-410e-b0ee-b444bd86c63e,2020-11-12 06:05:54,Run,3540.0,3507.0,9529.0,2.717137098312378,124.39503479003906
630ef734-9250-4068-8849-cd3b2a7baf6d,2020-11-19 16:30:43,Run,1357.0,1354.0,2481.0,1.8323485851287842,130.0891571044922
48bf02ad-c63d-4a95-9dbc-0d8570fd18d2,2020-11-19 16:53:58,Run,2493.0,2107.0,4435.0,2.104888439178467,140.75794982910156
f777b3a4-d621-4141-bf9e-017ca6215166,2020-11-26 15:35:41,Run,3140.0,2518.0,4986.2998046875,1.9802621603012085,
b2dfdd22-ec5f-4b3e-871b-34418f09640b,2020-11-22 08:48:58,Run,3065.0,3065.0,9204.0,3.002936363220215,140.965576171875
676aeb40-e58e-421f-a694-6495a395fed3,2020-09-12 05:23:34,Run,2815.0,2814.0,9255.0,3.288912534713745,159.0542449951172
9c5d55f8-b050-4de1-a0de-943278fe1ff8,2020-11-14 08:39:36,Run,14365.0,13080.0,31411.0,2.4014525413513184,71.31825256347656
6698f39e-8595-4b91-86d8-cc6fdeae0176,2020-11-29 11:38:44,Run,6115.0,3722.0,9756.0,2.621171474456787,150.72113037109375
f17a0984-6a1d-4ddf-8037-ad991b880774,2020-11-30 19:59:26,Run,1529.0,1509.0,3605.0,2.3889992237091064,154.4460906982422
e76f5d5a-eb6c-44bd-ba9b-95175844b9a6,2020-12-02 17:01:33,Run,3702.0,3516.0,11559.0,3.2875425815582275,157.4853973388672
b4441338-f44c-46e1-a89b-213707d0dadb,2020-12-03 16:03:53,Run,2496.0,2004.0,3727.699951171875,1.860129714012146,
a18f4730-aa0d-4482-b7b4-b1a9e6f8801d,2020-12-06 09:36:35,Run,2080.0,2041.0,4648.0,2.277315139770508,110.33797454833984
9317f94c-d26a-40a6-8f11-a67e3870ad98,2020-12-06 10:12:12,Run,1402.0,1399.0,4065.0,2.905646800994873,87.10481262207031
2b5cfa97-9cca-4ae9-b603-3c8f9a75a7a7,2020-12-08 19:05:09,Run,2604.0,2604.0,7661.0,2.942012310028076,134.82774353027344
7d7b0dd4-69ff-4dd5-a77f-94f0c24a683a,2020-12-11 06:29:18,Run,1327.0,1308.0,3481.0,2.6613149642944336,101.61270141601562
90917425-8ecd-430f-9284-64e787278505,2020-12-12 10:00:34,Run,1364.0,1355.0,4094.0,3.02140212059021,157.95762634277344
24785e28-df1f-463b-a577-3b542f4ec4a1,2020-12-12 10:23:58,Run,1764.0,1734.0,4152.0,2.3944637775421143,128.06903076171875
c94081f2-7fb5-4323-ab6b-aa4a51a7de7e,2020-12-14 06:16:03,Run,1229.0,1226.0,3464.0,2.825448513031006,130.57669067382812
439d847d-5416-4ef3-adab-677cfb12b99e,2020-12-15 10:40:51,Run,2093.0,2063.0,5838.0,2.829859495162964,136.4346160888672
a1517fbd-ce92-46d2-84f6-84c85cb93ede,2020-12-16 06:44:35,Run,1288.0,1281.0,3394.0,2.6494925022125244,126.31591796875
4771a734-f8b3-4e30-88b7-f77071118dce,2020-12-19 12:45:10,Run,2170.0,2148.0,4785.0,2.227653741836548,126.57743835449219
56d49d4f-b1ad-4f01-9321-6b6d6d7cf087,2020-12-19 13:25:21,Run,1592.0,1588.0,4742.0,2.9861462116241455,151.939208984375
11127cb0-524f-4aa5-a748-82d4a6b44418,2020-12-21 06:09:04,Run,1225.0,1225.0,3360.0,2.7428572177886963,137.93702697753906
0e2a2c5b-4b47-4b75-93a8-b611bc18db06,2020-12-22 05:03:20,Run,1262.0,1262.0,3434.0,2.7210776805877686,139.40443420410156
0a99568b-2fc2-4b15-92c5-87d446b8a61d,2020-12-23 06:26:50,Run,1399.0,1389.0,4109.0,2.9582433700561523,138.85018920898438
6087374e-6c09-4df3-b080-8c137cf68ce3,2020-12-25 09:43:39,Run,1705.0,1700.0,4986.0,2.932941198348999,120.44874572753906
714b3a47-b7e0-4dc0-b788-0f3eb99c619b,2020-12-26 08:56:17,Run,305.0,294.0,632.0,2.1496598720550537,123.01181030273438
59454b0d-9ae1-4873-91f8-406a68c9ab30,2020-12-26 08:31:22,Run,1435.0,1435.0,4783.0,3.3331010341644287,176.96173095703125
6bdbda9c-211e-4c14-96cc-41210f960f51,2020-12-28 10:47:15,Run,1166.0,1166.0,3404.0,2.9193825721740723,133.89686584472656
1ab2e7e3-acc2-45e5-89b8-d1a48c9bdac6,2020-12-29 06:34:58,Run,1241.0,1238.0,3419.699951171875,2.762277841567993,
6b580fb2-73fb-4313-887e-196c00c63e0d,2020-12-30 06:21:31,Run,1349.0,1335.0,3421.0,2.562546730041504,149.8370819091797
e43578b2-e10b-43bb-817a-80ff83aa45c0,2020-12-30 17:44:45,Run,3531.0,3531.0,9772.0,2.7674880027770996,
513595d6-eb5c-4851-91a4-c7038f0dca58,2021-01-02 09:28:05,Run,480.0,474.0,1394.0,2.9409282207489014,
bdcfdf10-fd91-4266-8a3e-3deb45c7840d,2021-01-02 09:42:30,Run,6669.0,6583.0,16697.0,2.536381483078003,
022539b3-a1d5-4891-9a80-e7d93a1fa221,2021-01-04 05:16:31,Run,1463.0,1457.0,3986.0,2.7357583045959473,
4e8ec68a-9e10-47a5-a8fb-207415a750f1,2021-01-05 10:47:18,Run,2432.0,2364.0,6878.0,2.909475564956665,
0041aa44-99be-4359-a432-c5b623f24aed,2021-01-06 05:18:18,Run,1390.0,1387.0,4029.0,2.9048304557800293,
acfa9a77-e9cd-42d1-9571-6cb874b6cec9,2021-01-07 10:35:23,Run,2319.0,2316.0,6216.0,2.6839377880096436,
1d91bf89-2abb-44c1-89a0-23850eb696d4,2021-01-08 05:52:56,Run,1413.0,1409.0,4054.0,2.8772177696228027,152.2732696533203
42379a87-dd6d-4ebd-b6fd-2a8275751ec1,2021-01-09 09:12:23,Run,820.0,757.0,2296.0,3.033025026321411,
dd1dbb61-20da-463a-91a1-85c70d5008aa,2021-01-09 09:40:36,Run,1881.0,1842.0,5218.0,2.8327903747558594,
af036089-3c34-4ee7-b0f4-cd9d0f2decca,2021-01-10 09:52:43,Walk,18278.0,17634.0,28151.0,1.5964046716690063,78.4937744140625
7959db40-2c89-4ae8-9753-724b118e1689,2021-01-11 06:20:48,Run,1491.0,1485.0,4063.0,2.7360270023345947,
3b359c9c-3356-4db9-9150-f83709b4983f,2021-01-12 11:11:25,Run,2603.0,2597.0,7534.0,2.9010396003723145,
4df25b1e-2776-4a14-b410-9dee683e2709,2021-01-13 05:52:42,Run,1557.0,1547.0,4009.0,2.5914673805236816,
b40d6aca-27b3-436b-b254-469179e4f1c5,2021-01-25 06:06:02,Run,1243.0,1243.0,3247.800048828125,2.6128721237182617,
b6557dac-7388-468c-937c-fc56c1c9ac93,2021-01-26 11:40:39,Run,2645.0,2641.0,7591.0,2.8742899894714355,135.64947509765625
8c725221-7233-40ee-8a66-ce75b6173baf,2021-01-27 19:10:01,Run,2170.0,2170.0,5478.60009765625,2.524700403213501,
3f82fd81-e834-481c-b684-237c7e38308b,2021-01-30 07:00:52,Run,2806.0,2803.0,7470.0,2.66500186920166,160.3146209716797
0107df73-1a61-415b-a026-94e2ba2111ac,2021-02-03 17:20:53,Run,2787.0,2765.0,7508.0,2.7153706550598145,160.9136505126953
2fe58951-2f2c-45dc-b9c5-0be98ff060ad,2021-02-04 17:39:07,Run,2626.0,2626.0,7486.0,2.8507235050201416,165.40411376953125
32901261-5570-497c-96d3-c8e091dcbf52,2021-02-07 18:04:08,Run,3468.0,3459.0,9916.0,2.8667244911193848,161.21575927734375
5ce47a86-effb-4a44-b0bc-34c2be9b3d03,2021-02-08 17:10:20,Run,2554.0,2548.0,7379.0,2.8959968090057373,159.7215118408203
8308fecb-aa95-466a-859b-367bdc521f68,2021-02-13 10:49:40,Run,3140.0,3132.0,7523.0,2.401979684829712,149.8146514892578
b3b62839-bc16-426c-85f7-57b43226114d,2021-02-14 11:40:23,Run,6894.0,6892.0,15157.0,2.199216365814209,137.88043212890625
9fa1d15c-190b-4d58-b203-7d2bacb92be4,2021-02-19 17:44:37,Run,2715.0,2708.0,7490.0,2.765878915786743,
0ab8d29a-6bff-4c8d-92b7-14da8e0af86b,2021-02-20 20:33:08,Run,2817.0,2817.0,7461.0,2.64856219291687,
94409cc5-6777-4b68-958d-c17d18f2eda2,2021-02-22 17:14:55,Run,2928.0,2928.0,7721.10009765625,2.6369876861572266,
1fd9de5c-4140-4779-b139-fe4959164fc5,2021-02-26 11:23:05,Run,1670.0,1670.0,3933.0,2.3550899028778076,
a51920bc-357c-4700-81ac-82892f129d39,2021-02-28 10:15:26,Run,4155.0,4155.0,10013.0,2.409867525100708,
99ad34ae-6597-42ea-9e28-6c4b371d6fbd,2021-03-03 11:13:05,Run,2793.0,2783.0,7145.0,2.567373275756836,
570c0452-300e-47aa-8634-6377fd415ca4,2021-03-04 16:48:42,Run,2916.0,2913.0,7130.0,2.447648525238037,
10ba72d5-9929-458b-8914-9da2d867f3f3,2021-03-05 11:02:53,Run,5731.0,3836.0,10153.0,2.6467673778533936,
7fdf9255-bac0-417c-957b-2ce0d17a9457,2021-03-07 15:43:05,Run,3683.0,3644.0,9481.0,2.601811170578003,155.88894653320312
270cf347-38fa-444d-829e-5b0b59a193d7,2021-03-08 19:32:11,Run,2689.0,2686.0,7126.0,2.653015613555908,157.8378448486328
fdea3fbe-0d52-483c-a5b7-b3ea909795dc,2021-03-10 16:15:02,Run,3323.0,2949.0,7693.0,2.6086809635162354,114.0960693359375
a7f7a868-c6e7-46b1-bdc5-39ae676d8a94,2021-03-11 17:31:18,Run,3785.0,3782.0,9579.0,2.5327868461608887,157.54904174804688
281ff051-2ec1-4614-a522-138336232301,2021-03-13 08:12:21,Run,4530.0,4516.0,11776.0,2.6076173782348633,159.754150390625
310f342a-7abf-4cf6-aee3-cd82a83fbc76,2021-03-14 15:21:53,Run,2418.0,2409.0,6897.0,2.863013744354248,158.7645263671875
8bb7ca8c-e98a-4e2f-9bd9-7bc0b0c7980d,2021-03-15 18:40:14,Run,2839.0,2839.0,6981.0,2.4589643478393555,
7e19bf1e-f1fa-4dbd-b7ed-f5a9a477ba26,2021-03-17 17:00:54,Run,3620.0,3620.0,9855.0,2.7223756313323975,
d749f9ad-7117-4407-91f1-bf0855949166,2021-03-18 19:51:55,Run,2563.0,2489.0,7103.0,2.8537564277648926,
c579c7dc-67fe-4068-9d8c-0abdafe08bcd,2021-03-19 17:37:50,Run,2464.0,2457.0,7251.39990234375,2.9513227939605713,
10aa4990-5129-4d9a-a349-f5f8977957e3,2021-03-21 15:32:16,Run,174.0,161.0,524.0,3.2546584606170654,
91e1beea-a906-4756-9a39-a51725fc5b0e,2021-03-21 15:36:04,Run,3938.0,3917.0,11461.0,2.9259636402130127,
79dbc7e9-a19b-486d-ab24-3094b663937f,2021-03-22 18:49:27,Run,2644.0,2644.0,7221.0,2.7310893535614014,
7f49caa4-41b9-4d4b-b88b-379f558eb120,2021-03-23 18:03:12,Run,2660.0,2651.0,7156.0,2.6993587017059326,
f1aaf94f-5f41-40d0-9feb-abf7f81191a3,2021-03-25 16:41:19,Run,8837.0,2501.0,7268.0,2.9060375690460205,
b745026a-ae71-4c32-b3b1-c2c3a46ebeee,2021-03-26 16:47:44,Run,4867.0,4864.0,13338.0,2.7421875,
2a18ea2b-3b26-49e1-8384-a88905b77678,2021-03-30 15:30:14,Run,2629.0,2629.0,7231.5,2.7506656646728516,
8b866c83-148e-48bc-9578-9aa8d24eed33,2021-04-01 16:25:30,Run,2739.0,2739.0,7144.0,2.6082510948181152,
ea95c1c0-cf1e-49db-9fbe-1701ac1ee22f,2021-04-02 16:10:01,Run,2603.0,2603.0,7269.0,2.7925469875335693,162.7049102783203
0810da6a-dd22-45a1-a03b-c2bd2e347e8e,2021-04-03 06:56:24,Ride,7419.0,7160.0,25011.0,3.4931564331054688,
3415cbfb-385e-4da6-a7eb-1bc4a31f6087,2021-04-04 18:37:28,Run,2564.0,2562.0,7202.0,2.8110849857330322,147.34890747070312
6e6b94eb-3410-4fc4-89c1-59c3ee0a5768,2021-04-05 12:36:40,Ride,2021.0,1988.0,7688.0,3.8672032356262207,79.67626190185547
3952c1e3-b36e-4757-aa60-beb155de9799,2021-04-07 16:47:42,Run,3389.0,3380.0,9853.0,2.915088653564453,112.04808807373047
6d3f0dfd-1687-4080-a1d0-bf6a1c785afc,2021-04-08 15:59:45,Run,3588.0,3564.0,8677.0,2.434623956680298,157.56118774414062
3107c37e-d390-4553-bb38-31f4566bab61,2021-04-10 06:38:12,Walk,13282.0,11783.0,14657.0,1.2439106702804565,93.59609985351562
4a76332a-3fe8-4860-8a17-49845acce50f,2021-04-10 17:06:14,Run,2599.0,2599.0,7119.0,2.7391304969787598,127.25977325439453
9be96fca-2bfd-400e-956d-2922d6066871,2021-04-11 06:19:46,Walk,17266.0,16319.0,20670.0,1.266621708869934,97.20244598388672
c333e386-3b1a-4568-9dfd-07f95f831d11,2021-04-12 16:25:28,Run,2694.0,2691.0,7154.0,2.658491373062134,150.13221740722656
d712feab-480b-484a-a296-d852604d11b9,2021-04-15 16:12:09,Run,3770.0,3763.0,10500.0,2.7903268337249756,155.326416015625
123f6660-ac77-4e08-ae92-49b4b288ab6e,2021-04-13 16:28:18,Run,2691.0,2684.0,7217.0,2.688897132873535,125.018310546875
07fa0511-2122-4a4b-a776-51b96aa05587,2021-04-20 05:19:02,Hike,2961.0,2790.0,2701.0,0.968100368976593,114.73615264892578
2a1f42be-c5a9-494e-b1b1-f7ba53f8324f,2021-04-20 06:45:59,Hike,3033.0,2936.0,2660.0,0.9059945344924927,140.5625
94cd73e9-dc4f-4758-b2b3-4f2f66bcfda7,2021-04-18 09:23:57,Hike,8720.0,7844.0,6506.0,0.8294237852096558,93.19268798828125
6ad65eca-9612-42fe-9be1-4288688a75aa,2021-04-18 14:08:20,Hike,8474.0,8138.0,9539.0,1.1721553802490234,102.23983001708984
fbb1759c-2a06-4848-b89f-98ad4ea99323,2021-04-19 10:43:18,Hike,10860.0,8845.0,8143.0,0.9206331372261047,96.62323760986328
7f77fcde-ee9f-4395-95c5-a339c6d45f00,2021-04-18 18:09:03,Run,1551.0,1530.0,4317.0,2.821568727493286,135.68307495117188
c66af2ac-7737-4d29-acee-22793ffcdc9d,2021-04-19 07:11:34,Hike,11349.0,8906.0,7408.0,0.831798791885376,94.61976623535156
33390f2b-6f4b-40be-a4e2-b7d1fa6ff886,2021-04-20 12:29:37,Hike,15383.0,12801.0,13061.0,1.020310878753662,102.94364166259766
bc8799e2-45fb-46e8-8bdf-986ff38818bc,2021-04-22 09:02:02,Hike,21653.0,18887.0,18463.0,0.9775506854057312,97.40279388427734
b212bd34-df1a-45e5-abc1-19e86066711b,2021-04-23 08:40:18,Hike,31773.0,24420.0,26507.0,1.0854626893997192,89.7022476196289
ea9e49db-4692-4181-b908-3603da1c568c,2021-04-25 06:22:49,Hike,27366.0,26693.0,35722.0,1.3382534980773926,111.0245132446289
c9e575d2-95c1-43b3-b8bc-ae33abebe4f9,2021-04-27 09:39:05,Hike,15790.0,14118.0,14352.0,1.0165746212005615,91.03329467773438
2351b32c-6036-43c6-aecd-5a291c931fda,2021-04-28 11:31:19,Hike,10707.0,9372.0,10725.0,1.1443661451339722,91.96533966064453
50f9b8a9-436b-4853-bbbd-c7641467655d,2021-04-29 07:20:32,Hike,32077.0,23432.0,16492.0,0.7038238048553467,121.15716552734375
3b47395c-5d5e-466d-b9d5-5e91181c77a1,2021-05-15 18:16:21,Run,1186.0,1179.0,3312.0,2.8091602325439453,136.61512756347656
7f3d7666-a771-4c13-8ec0-c02bd6b0cb2f,2021-05-16 11:38:20,Ride,10887.0,10394.0,50823.0,4.889647960662842,104.7923583984375
9dcbd225-ec9b-41dd-a3f4-3201ddded91f,2021-05-17 15:36:40,Run,1358.0,1358.0,3477.0,2.560382843017578,146.17660522460938
6d938245-1b5d-4490-a958-5c9352b5e878,2021-05-19 16:20:38,Run,4887.0,4887.0,13093.0,2.6791486740112305,125.98409271240234
25b89103-34c5-49ae-8674-fbbebed7b76a,2021-05-21 15:23:10,Ride,1857.0,1857.0,12339.0,6.644587993621826,115.78138732910156
6f3e6e38-31b3-4d78-b7f1-b1fd00a87bb1,2021-05-23 16:01:44,Run,3741.0,3711.0,10267.0,2.7666397094726562,131.91439819335938
d28394d4-ad8e-4201-9985-7557d08fb7db,2021-05-24 16:52:03,Run,2454.0,2454.0,5617.7001953125,2.289201259613037,
87acfc04-b6b7-4742-a37c-29f82ef423f2,2021-05-26 14:43:54,Run,4404.0,4301.0,12815.0,2.979539632797241,142.80032348632812
79a5532b-a2c2-4bbd-a982-4ff90e905852,2021-05-27 16:16:53,Ride,3557.0,3498.0,22449.0,6.417667388916016,118.7445297241211
15c1a9dd-09ce-4ec0-b8cd-66d96f6a8e62,2021-05-29 19:08:47,Run,1727.0,1712.0,5044.0,2.9462616443634033,130.27505493164062
cc28746f-256b-4e15-b723-5b4f21ba2b7c,2021-05-31 17:07:07,Run,4103.0,4085.0,12130.0,2.96940016746521,132.47398376464844
f7e1914c-762c-4f36-b516-858bc0210c1a,2021-06-01 17:59:35,Ride,1872.0,1872.0,12362.0,6.60363245010376,128.3997802734375
201d1e77-0922-40c1-b1bb-a524f688178a,2021-06-05 08:58:56,Workout,13003.0,11850.0,34921.0,2.9469199180603027,138.77740478515625
1d27fce8-9576-443f-a91c-a4854bd2b3aa,2021-06-07 18:16:10,Run,3980.0,3931.0,10856.0,2.7616381645202637,129.03761291503906
c251ef9b-f992-4733-8779-c3e744b4ae5c,2021-06-08 19:05:18,Run,1363.0,1345.0,3456.0,2.569516658782959,138.5943145751953
451b33c8-467b-4ce5-8d31-6aee1a21a573,2021-06-10 20:05:24,Run,1471.0,1451.0,3991.0,2.750516891479492,132.12771606445312
c99c7d21-0f20-4fcb-8d39-102fa8d677c4,2021-06-11 17:19:47,Ride,6071.0,6071.0,39289.0,6.471586227416992,116.32377624511719
71e611bd-692e-4958-a82f-eb77bc21c73f,2021-06-13 14:59:26,Run,4305.0,4305.0,12385.0,2.876887321472168,127.98445892333984
04d7183b-edd9-40f3-81b3-93940507a52f,2021-06-15 15:31:59,Run,1228.0,1211.0,3788.0,3.12799334526062,138.88055419921875
a935a12e-0387-4e03-8584-89e46d2cc0ed,2021-06-16 14:36:32,Run,4196.0,4196.0,12484.0,2.9752144813537598,123.01109313964844
1c9d236e-d728-4c2d-b882-5278316650d9,2021-06-21 18:17:36,Run,1330.0,1330.0,3949.0,2.969172954559326,125.04706573486328
f2057fae-93fa-40c6-9168-bca94f5cedaa,2021-06-30 19:13:56,Run,1778.0,1759.0,4504.0,2.5605456829071045,132.3320770263672
ec68dc35-044c-4a4a-b6f4-d906dfb44960,2021-07-01 16:27:25,Run,4507.0,4470.0,12436.0,2.7821028232574463,121.89677429199219
51ab23fa-d74c-4018-ae8a-b89acca468f3,2021-07-08 18:34:04,Run,2812.0,2812.0,7467.0,2.6554055213928223,118.1956787109375
58b9cdd3-9354-4e54-9e52-a306c23b5bf6,2021-07-11 17:25:19,Run,2193.0,2187.0,7040.0,3.2190215587615967,131.15089416503906
3f062b5a-5e2a-4c79-aab1-81dfc7fab654,2021-07-12 19:00:17,Run,2593.0,2593.0,7137.0,2.752410411834717,122.63743591308594
888cadc2-c07a-4b51-89a6-be4601a1a9ae,2021-07-17 08:59:55,Ride,21832.0,20552.0,72809.0,3.5426721572875977,116.48074340820312
9a8a5fbb-0837-4197-ba61-b5caa4517e99,2021-07-21 16:00:58,Run,1309.0,1300.0,3504.0,2.6953845024108887,144.93209838867188
31fbd82f-e4ac-4fdd-8a70-4809fda51e62,2021-07-21 16:43:40,Run,1356.0,564.0,1073.0,1.902482271194458,129.07142639160156
9892c0f6-b115-4cc2-b2cc-e851bd40a562,2021-07-23 05:33:28,Run,756.0,756.0,2015.0,2.665343999862671,139.2925567626953
1ca57cdc-9f86-45ef-be36-eee085404277,2021-07-24 19:04:55,Run,1514.0,1503.0,3967.0,2.639387845993042,122.17877197265625
90443124-a675-4575-9fe9-c2a93ce1e839,2021-07-25 17:14:53,Run,2493.0,2477.0,7109.0,2.8700039386749268,127.10049438476562
cad47ed9-0be0-4568-9a72-7798c43c60c9,2021-07-26 16:03:21,Run,1548.0,1540.0,4400.0,2.857142925262451,129.05648803710938
a12467a5-9b33-4a04-a662-9f9f10914a62,2021-07-28 16:39:33,Run,1127.0,865.0,2846.0,3.290173292160034,138.03103637695312
e916e992-e935-4417-8152-9f37e14a3b80,2021-07-28 16:02:18,Run,1265.0,1234.0,3468.0,2.810372829437256,126.01871490478516
c043e16c-4dd5-44d0-8234-c6bda722882c,2021-08-03 06:36:07,Hike,26046.0,8564.0,9310.0,1.087108850479126,119.134521484375
12e46a50-bc28-47f9-9531-f5b295232cf2,2021-08-04 08:41:51,Walk,7019.0,4832.0,5686.60009765625,1.1768625974655151,
bb4732e9-4efd-433e-9cea-2656642a8035,2021-08-05 08:20:41,Hike,35404.0,23909.0,15981.0,0.6684094071388245,114.4228515625
dc274584-0465-4c7c-9ab0-0c46ef4bb440,2021-08-06 11:32:40,Hike,6025.0,5726.0,7010.0,1.2242403030395508,107.45943450927734
1998dfbc-f560-4d4b-a021-b948e600ea0c,2021-08-07 06:48:17,Hike,19994.0,15743.0,12622.0,0.8017531633377075,115.14350128173828
8a7959b8-27fd-4290-93a5-8cf106b42587,2021-08-09 06:56:19,Hike,24692.0,18139.0,10647.0,0.5869672894477844,111.84520721435547
da7a5d6b-6c8e-47d4-9193-102202bc9a47,2021-08-14 06:03:11,Run,2919.0,2905.0,7117.0,2.44991397857666,106.88436889648438
44448f50-9d39-4f19-a0d6-faa2420a293b,2021-08-15 14:46:01,Inline Skate,6147.0,4719.0,7872.0,1.6681500673294067,100.14251708984375
e811cfc7-1f62-4047-9035-75e84cbaa01c,2021-08-17 18:28:25,Run,2656.0,2656.0,7186.0,2.7055723667144775,129.92520141601562
1d3f466d-e159-4c11-842a-021577b080a5,2021-08-18 16:00:08,Run,867.0,856.0,2601.0,3.0385513305664062,154.90187072753906
97a7cb69-fa8e-4ddb-8566-023e19d3e8e7,2021-08-18 16:34:56,Run,1305.0,1303.0,4236.0,3.2509593963623047,150.2960968017578
6ac40142-8b16-4122-baa9-ff8391f1626e,2021-08-18 16:58:07,Run,164.0,156.0,438.0,2.807692289352417,115.24503326416016
03d6dc20-32e8-486e-a206-70a8cd2e936f,2021-08-19 05:53:03,Ride,2273.0,1651.0,8085.0,4.897032260894775,96.9325942993164
17977e89-6570-419f-a0ae-1857703770a2,2021-08-19 07:02:29,Ride,524.0,280.0,1549.0,5.532142639160156,95.25912475585938
f5ecc0b3-c4ab-4963-b3fe-a7864e37e5b5,2021-08-19 09:51:23,Ride,1834.0,1525.0,7730.0,5.068852424621582,110.40579986572266
f58a0718-9be5-46c2-9d62-2ec4a22438e8,2021-08-20 14:07:41,Run,2617.0,2314.0,4650.0,2.009507417678833,142.95729064941406
bbe0d79d-c990-4846-83ee-a4a5258ce075,2021-08-21 12:21:40,Run,2504.0,2343.0,5618.0,2.397780656814575,151.63528442382812
9f2b9c04-b39c-4aa8-b566-4141874a8e16,2021-08-22 10:39:33,Run,1333.0,1244.0,4277.0,3.438102960586548,154.23529052734375
37f3ce9e-a401-41e4-8d1b-93b2e16b70c3,2021-08-23 17:06:26,Run,374.0,238.0,605.0,2.5420167446136475,153.6771240234375
5eee8f51-7462-4c9c-bb14-1d23d717b889,2021-08-23 16:04:00,Run,2098.0,2098.0,5717.0,2.724976062774658,153.07034301757812
fba5fd3c-52af-4870-ac18-320c583379c8,2021-08-25 16:00:51,Run,866.0,866.0,2409.0,2.781755208969116,165.1431884765625
a4dd22bc-a459-455e-9eb7-82185b189196,2021-08-25 16:34:14,Run,3299.0,3256.0,9220.0,2.831695318222046,158.51710510253906
a48415cb-ea8c-47ba-9ce9-0ed664a86723,2021-08-27 04:45:16,Run,1462.0,1455.0,3532.0,2.4274914264678955,140.205322265625
cedb4b81-4933-4143-8fdb-92a0a6ed8170,2021-08-31 16:42:38,Ride,4405.0,4405.0,24827.0,5.6360955238342285,95.76651763916016
1486bf20-21bf-4dba-a924-7ee85e899c10,2021-09-01 16:02:52,Run,912.0,842.0,2314.0,2.748218536376953,154.41696166992188
45771579-71d3-4cc9-93f7-75d9c81413ea,2021-09-01 16:35:09,Run,1339.0,1331.0,4880.0,3.6664161682128906,141.51353454589844
4360e86d-18f9-4caf-9f82-6ff3c84ff0ff,2021-09-01 16:58:05,Run,481.0,465.0,1196.0,2.572042942047119,113.76034545898438
50a8489e-073b-4f43-a033-64c85463d788,2021-09-02 05:24:59,Ride,1023.0,342.0,1550.0,4.532163619995117,99.31596374511719
3ab76c1f-db8b-4c48-8427-d75f057d78e2,2021-09-02 13:50:36,Ride,10690.0,7732.0,39686.0,5.132695198059082,83.09271240234375
b2c01cc2-7540-4dc1-8b5e-3c536eec9d52,2021-09-02 17:46:15,Ride,1586.0,1556.0,9135.0,5.870822429656982,76.69605255126953
6ea2684c-c2c5-4879-9f78-5480c8034da7,2021-09-03 05:48:04,Ride,380.0,307.0,1807.0,5.885993480682373,102.2847671508789
82546cd6-764a-4caf-9b5c-69871f3fc178,2021-09-04 09:23:34,Run,8056.0,7109.0,12734.0,1.7912505865097046,130.5257568359375
8c20072a-d73a-4e83-aacb-80813d96652e,2021-09-05 15:02:19,Run,3972.0,3966.0,11944.0,3.011598587036133,132.52621459960938
4f692d90-afb3-493a-8ff9-23639b15ebd1,2021-09-06 16:43:46,Run,157.0,157.0,606.0,3.859872579574585,153.06369018554688
cc7064e6-79e2-4553-9533-097702c2e2a5,2021-09-06 16:48:32,Run,753.0,750.0,2372.0,3.1626665592193604,165.5294952392578
0bf79931-2435-4a56-b03d-92aaa32716c9,2021-09-06 16:03:09,Run,1076.0,1076.0,3402.0,3.161710023880005,154.635009765625
602f86a9-e227-4753-bb1d-0e7d1dcb8706,2021-09-07 04:27:19,Ride,2485.0,2485.0,10875.0,4.376257419586182,96.26529693603516
10ea0d19-94a4-4a6a-ad2a-a2fe39c5e90c,2021-09-08 04:45:02,Run,1483.0,1460.0,3618.0,2.4780821800231934,113.3354263305664
a78a2744-e8b4-490d-add6-cf3077bca6a3,2021-09-09 15:27:37,Run,4651.0,3725.0,7364.0,1.9769127368927002,130.64930725097656
b6c9827b-ab76-4f80-803d-1e1123606a74,2021-09-10 05:21:29,Ride,2132.0,2090.0,9086.0,4.347368240356445,113.1799087524414
1c36c9e7-ce67-4dea-8180-80786f987188,2021-09-10 15:48:40,Ride,2173.0,2051.0,8664.0,4.224280834197998,102.4354476928711
223e9972-e59c-46de-8e5d-a62106b1320e,2021-09-11 11:01:44,Run,5501.0,4602.0,7023.0,1.5260756015777588,121.80282592773438
3814c2bb-b62e-4da6-8caa-5d85fc78e1fd,2021-09-12 09:48:46,Run,9388.0,8554.0,15474.0,1.8089781999588013,130.48947143554688
38d57856-e553-4f28-8a18-b4f66102ed0b,2021-09-14 04:59:07,Ride,328.0,308.0,1827.0,5.931818008422852,113.01986694335938
2703ea01-6fc7-449f-852c-c1a422aa2f00,2021-09-14 13:11:56,Ride,12315.0,8731.0,42411.0,4.857519149780273,101.60012817382812
2e45e60c-1870-4303-aac4-190c05b1c468,2021-09-16 05:14:29,Ride,1925.0,1749.0,7530.0,4.305317401885986,107.14381408691406
1d8d4cf4-b1dd-4337-9faa-01f0e68963e5,2021-09-19 05:27:08,Rowing,7555.0,7495.0,9081.0,1.2116076946258545,65.13016510009766
0aa598ed-1511-4e70-bafb-13c4c5385881,2021-09-15 04:26:49,Run,2440.0,2440.0,7030.0,2.881147623062134,125.5950698852539
1bbada29-b8b6-49a3-b754-73ec8cf53cde,2021-09-14 18:24:55,Ride,1175.0,1157.0,7282.0,6.293863296508789,78.91020965576172
85293e01-b87d-49fc-8ee9-49c9926707e6,2021-09-20 04:46:22,Run,2381.0,2381.0,7449.0,3.1285173892974854,131.47010803222656
f6d50e2e-e745-4e81-8cb7-4468f5ddbfe8,2021-09-21 17:41:38,Run,2522.0,2522.0,7430.0,2.9460744857788086,139.3395233154297
0a26e4e5-56c4-4680-b64b-fbf6da71c493,2021-09-22 05:44:45,Ride,1965.0,1949.0,8661.0,4.443817138671875,95.25080871582031
c060d0d7-7215-49db-8020-38a7f8edffbf,2021-09-22 15:59:45,Run,5016.0,5008.0,12528.0,2.5015974044799805,120.20563507080078
3941c404-1a16-46c8-9024-1ea72bcd28a8,2021-09-23 17:50:03,Run,1926.0,1920.0,5315.0,2.7682292461395264,114.86209106445312
0e3096ff-90f2-4947-b659-2a853247835b,2021-09-25 18:56:58,Run,2654.0,2654.0,7424.0,2.7972872257232666,118.28319549560547
a93f2015-d425-4d92-8f4e-c6d8159982b2,2021-09-26 09:53:20,Run,9099.0,8977.0,22616.0,2.519327163696289,142.92095947265625
7272b6b2-bb4f-42db-9ee4-b635b581fc40,2021-09-28 04:37:49,Run,2418.0,2418.0,7157.7001953125,2.9601736068725586,
0d956678-38a2-435e-8c0d-aa6130f6a10f,2021-10-01 17:53:19,Run,2578.0,2578.0,7402.0,2.871217966079712,125.19158935546875
441e7597-36d8-473d-82d5-06b3489820fb,2021-10-02 08:49:20,Run,9458.0,9196.0,22244.0,2.4188778400421143,119.10509490966797
68ed66be-24fe-45a8-8352-8fd28a01ddff,2021-10-03 06:48:30,Ride,7508.0,7484.0,33627.0,4.493185520172119,107.42066955566406
7fdf47c6-aa89-49ad-8bd8-9bc7ff376c15,2021-10-06 17:15:28,Run,3923.0,3907.0,10032.0,2.5676989555358887,115.78394317626953
2ba2546d-c60f-4ed7-b93b-ef610583e8a2,2021-10-10 16:56:23,Run,3228.0,3222.0,10029.0,3.1126630306243896,131.65213012695312
6d53f774-4420-4488-bf5a-77ee780d846e,2021-10-12 17:26:16,Run,3520.0,3512.0,10005.0,2.848803997039795,126.72223663330078
a3dbda38-54c3-45de-bbe6-6b0f6bfac266,2021-10-16 08:59:59,Run,7110.0,7103.0,25089.0,3.5321695804595947,152.91957092285156
20a961b6-dc12-429e-8308-4f7ef7f0955a,2021-10-21 05:55:58,Ride,1240.0,1163.0,5773.0,4.963886737823486,100.68292999267578
386a173e-c63b-4113-98ee-9b48ff8a2a0d,2021-10-21 16:14:24,Ride,1397.0,1331.0,6170.0,4.635612487792969,108.60939025878906
349dd0c6-6a5e-4540-b422-c3457f538d97,2021-10-23 09:29:45,Ride,21233.0,19698.0,82402.0,4.183267116546631,118.53714752197266
23e808d0-c07f-4c21-9fe5-4050faa46d9d,2021-10-27 18:23:25,Run,2953.0,2953.0,8063.0,2.7304437160491943,126.68292999267578
36cef490-7f08-4ecc-8900-bf0820d71986,2021-10-28 16:49:18,Run,3121.0,3121.0,8005.0,2.56488299369812,116.47572326660156
0e9412f9-d478-4d55-8cca-0b9fd913ecfd,2021-10-30 09:20:40,Run,1311.0,1180.0,3781.0,3.204237222671509,155.32064819335938
5e342f47-c4a3-4531-96cc-81fb1f3738b5,2021-11-02 08:37:58,Ride,7958.0,7958.0,34585.0,4.345941066741943,94.63872528076172
92bba55b-731b-4650-a508-2f74790343d6,2021-11-04 19:00:12,Run,3061.0,3058.0,8037.0,2.628188371658325,116.58819580078125
0c39e363-c027-4564-8dab-72f0ff439ea9,2021-11-06 10:00:04,Ride,14245.0,13307.0,57484.0,4.319831848144531,108.63845825195312
ec3d033f-f1af-4418-be30-5e54eff0c557,2021-11-13 10:00:20,Ride,21402.0,19432.0,77434.0,3.984870433807373,95.83110046386719
a3733275-633d-41cc-a5ba-3c436281f58d,2021-11-15 05:40:51,Run,2753.0,2742.0,7335.0,2.6750547885894775,129.51564025878906
d8260b33-4ff5-4db4-aaef-b35db272d842,2021-11-16 05:23:25,Run,2713.0,2705.0,7442.0,2.7512013912200928,125.5224380493164
b309731b-4fd2-4f5e-89eb-abe388c3ced3,2021-11-18 17:38:21,Run,2887.0,2883.0,8175.0,2.835587978363037,125.67045593261719
61521b44-48ab-4b0f-8781-9ae33594fd7d,2021-11-20 10:14:52,Run,1246.0,1188.0,3865.0,3.2533669471740723,153.56895446777344
87233d7d-e511-44c5-95bc-97f33c85a1e1,2021-11-21 16:18:55,Run,2984.0,2984.0,8214.0,2.752681016921997,125.31954956054688
ee86971e-77dd-4229-a798-0c2553075bba,2021-11-22 06:52:24,Ride,1224.0,1184.0,5780.0,4.881756782531738,135.79263305664062
6c912609-403d-4f65-9b4b-efecf5a1e015,2021-11-22 18:04:37,Ride,656.0,553.0,2767.0,5.003616809844971,94.67092895507812
109ca8a1-e66a-4553-afab-ed3aef830f2a,2021-11-23 05:16:11,Run,2475.0,2472.0,7329.0,2.964805841445923,136.47708129882812
0d09f018-121a-468f-ab1d-f24b6e3c03f7,2021-11-24 18:34:40,Run,3243.0,3240.0,8120.0,2.5061728954315186,131.77716064453125
70f60df0-c93a-4b3b-8668-441b59ab8613,2021-11-25 15:48:45,Run,1172.0,1121.0,3414.0,3.04549503326416,141.20382690429688
d13ff454-e591-48ab-8eea-0b5563301f52,2021-11-25 17:20:28,Run,1390.0,1309.0,4132.0,3.1566081047058105,159.00469970703125
c21da958-be31-4a96-b3b3-8cc4653f67aa,2021-11-25 16:26:21,Run,3136.0,2663.0,4648.0,1.7453999519348145,133.917724609375
cfb6e07b-d9cb-4af3-b54d-5b70e38bfc35,2021-11-26 09:22:48,Run,2069.0,2013.0,5394.0,2.6795825958251953,147.97198486328125
8cd69e32-a64f-4af6-8e23-c9138b9ad8c1,2021-11-26 08:45:09,Run,2186.0,2079.0,5780.0,2.7801828384399414,128.4815673828125
3621bd94-6a5d-4581-80f1-9d505b94d055,2021-11-29 18:17:40,Run,1927.0,1903.0,4339.0,2.2800841331481934,138.59169006347656
ca5cf0c9-4408-4ac5-b01b-f1f1d49aa036,2021-12-04 19:27:07,Run,2553.0,2546.0,7258.0,2.8507461547851562,136.23423767089844
5662cfc3-e237-4ccb-aa25-ef7f0c11452a,2021-12-05 07:03:35,Run,3164.0,3107.0,7488.0,2.4100418090820312,135.06973266601562
c32a418d-5e7b-4a0d-8fbe-0e54902f4188,2021-12-06 06:17:21,Ride,1396.0,1326.0,5694.0,4.294117450714111,92.25341033935547
870c46e3-cd8d-42af-b278-ec4b816d10a7,2021-12-06 18:10:12,Ride,1248.0,1108.0,5123.0,4.623646259307861,85.94589233398438
6be47255-3dae-4800-87af-42a8f3a9ce00,2021-12-07 05:19:50,Run,2681.0,2681.0,7436.0,2.773591995239258,132.76844787597656
3b4f49d3-4ca3-484a-9df1-4858ac323452,2021-12-08 17:24:01,Run,2662.0,2655.0,7454.0,2.807533025741577,142.85610961914062
be30d515-2609-48ad-ae7a-4778ed526a36,2021-12-10 20:37:53,Run,3237.0,3234.0,7984.0,2.4687693119049072,115.68507385253906
c2ab6130-364a-42c3-adbb-b6e35b681073,2021-12-12 08:43:46,Run,3271.0,3271.0,8063.0,2.4649953842163086,143.14364624023438
91576343-b165-4638-b9aa-a3bff7b4ff30,2021-12-19 17:44:32,Run,2927.0,2924.0,8123.0,2.778043746948242,
0abeff07-3e65-479b-becb-72eb7e3a7ccb,2021-12-25 07:38:33,Run,4366.0,4307.0,12501.0,2.90248441696167,139.52809143066406
cefc11c7-8aee-4fd0-abbd-76200b4f7a4c,2021-12-28 05:53:54,Run,2603.0,2600.0,7323.0,2.8165385723114014,146.31289672851562
eb5564b3-afea-4e35-8bf5-dbd0d021a38d,2022-01-04 19:46:16,Run,1210.0,1210.0,3229.0,2.6685950756073,103.6241683959961
5843ed74-5120-4a86-a941-e8fcd9d0fcd0,2022-01-09 16:37:22,Run,2701.0,2698.0,7450.0,2.7613046169281006,145.4467010498047
717e6e54-dae3-462e-8586-ccf4087b9260,2022-01-11 18:41:44,Run,2494.0,2494.0,7350.099609375,2.947113037109375,
ad4db6c2-c3b3-4045-b44d-c16da06875d9,2022-01-17 17:09:16,Run,2794.0,2764.0,7406.0,2.679450035095215,131.79933166503906
083fef06-989c-43d5-bdd5-45ba150329ef,2022-01-19 18:15:15,Run,3157.0,3150.0,7963.1201171875,2.5279746055603027,
0d530cff-29e4-466c-b451-3789c8337c55,2022-01-21 16:44:29,Run,4158.0,4117.0,10655.0,2.5880496501922607,121.91998291015625
89e971bf-037d-4675-9914-0c0810ff30ac,2022-01-22 07:19:59,Run,2874.0,2823.0,7756.0,2.747431755065918,123.03360748291016
8aed42ee-0a40-49df-a457-1e4e8d67cbf8,2022-01-24 16:51:57,Run,4010.0,4004.0,9789.0,2.444805145263672,116.94877624511719
a85e4e0b-4e6d-4176-a4de-7c2b0b083a18,2022-01-26 19:01:31,Run,2778.0,2739.0,7178.0,2.620664358139038,113.41004180908203
c74fcba3-e96a-4919-90b3-3bbfcd2ad695,2022-02-01 08:07:28,Alpine Ski,15030.0,5149.0,26856.51953125,5.2158708572387695,
e327b285-c5f1-4d27-8899-218deed54468,2022-02-03 09:23:00,Snowboard,19739.0,13919.0,57491.12890625,4.130406379699707,
d2f194f6-97ed-4ad7-b07e-0fe591207b1a,2022-02-04 08:37:23,Snowboard,17335.0,14980.0,66694.7265625,4.452251434326172,
558d4a0c-316f-4fee-af85-1709cdf7eee8,2022-02-12 06:17:42,Run,2646.0,2643.0,7151.0,2.7056374549865723,115.39689636230469
67a830e4-fe6a-432a-82b5-e3537776f15d,2022-02-18 17:31:49,Run,3599.0,3585.0,8949.099609375,2.4962620735168457,
5c9f8e56-d9e9-45cb-804a-8cec499028d6,2022-02-22 19:22:35,Run,3268.0,3254.0,8049.27978515625,2.4736568927764893,
cbc19c09-f017-4c4b-bc15-ab87f27759cf,2022-02-24 20:15:34,Run,2526.0,2523.0,6763.0,2.680539131164551,124.53771209716797
f0e4b7d4-3025-4bd5-bb72-7bc7fb684572,2022-02-26 09:24:45,Run,1001.0,867.0,2770.0,3.19492506980896,148.1534881591797
49fe0cfe-dd6b-4f1a-835d-236b42642112,2022-02-26 10:04:31,Run,1254.0,1210.0,4160.0,3.438016414642334,169.61965942382812
c95a5362-6c79-4250-8dbf-dc014fb180e3,2022-03-03 19:31:32,Run,2913.0,2913.0,7178.0,2.4641263484954834,117.07212829589844
dbec0732-7613-4970-86c4-79034539f9b4,2022-03-06 12:19:44,Run,2559.0,2559.0,7164.0,2.7995309829711914,130.82089233398438
fe393186-f226-4aa8-a22f-78341b917cff,2022-03-08 17:45:33,Run,2760.0,2757.0,7349.0,2.665578603744507,142.06729125976562
9ff02f4f-cc98-4008-9b29-338f49e46395,2022-03-12 17:30:10,Run,2857.0,2843.0,7164.1201171875,2.5199155807495117,
2a81bb55-f456-4752-932d-aafba12c7eea,2022-03-13 11:23:00,Run,5458.0,5186.0,12823.0,2.472618579864502,153.77944946289062
9bd2f7f5-d902-42ff-8ded-5c2cbec59d2e,2022-03-15 16:36:31,Run,2691.0,2688.0,7156.0,2.6622023582458496,120.44941711425781
630abe58-eb96-4ee9-bce7-f3af4b3e8371,2022-03-16 19:11:47,Run,2463.0,2460.0,7271.0,2.95569109916687,138.75277709960938
09260d19-a28b-4dc6-8460-91996587925f,2022-03-27 16:02:18,Run,2596.0,2596.0,7131.0,2.7469184398651123,129.16311645507812
783885e4-9013-4fe1-996c-2f0ad46b864c,2022-03-30 16:33:14,Run,3024.0,2996.0,8093.3701171875,2.7013919353485107,
4af3c60f-a149-4d95-9888-4dc91179774f,2022-03-31 17:38:23,Run,2963.0,2950.0,7950.0,2.694915294647217,145.7677001953125
ba6d1201-14fb-4eef-8fa0-a459b8c97564,2022-04-02 09:00:14,Run,14281.0,12919.0,28504.0,2.206362724304199,139.4497528076172
b4799a5c-eb94-4a0c-90f4-1a813f2f781f,2022-04-03 10:42:59,Ride,7304.0,6865.0,32816.0,4.780189514160156,75.307373046875
3e1faaf5-67dc-49cf-9303-f090e41c95fa,2022-04-04 18:36:11,Run,2703.0,2703.0,7216.5,2.669811248779297,
a9306e0f-f289-4a12-a07c-a013135553fd,2022-04-10 15:11:12,Run,7941.0,7797.0,19711.0,2.5280234813690186,125.67438507080078
9faf4293-d539-4988-91e9-5b6d820f13b1,2022-04-11 04:57:23,Ride,1223.0,729.0,4025.0,5.521262168884277,111.85613250732422
799311a2-c158-422f-80df-356f89d716f8,2022-04-11 14:39:04,Ride,7349.0,6729.0,34061.0,5.061821937561035,95.24591064453125
e1f8a5eb-47e4-4ac1-bba8-4897953a7920,2022-04-12 05:41:22,Ride,1060.0,771.0,4022.0,5.216601848602295,104.48238372802734
64f94ad8-2371-4412-9217-f8b900b7c28d,2022-04-12 15:15:11,Ride,890.0,814.0,4104.0,5.041769027709961,99.74938201904297
f2e4d8cc-5e5b-4625-ac3a-fc7aab6d2c54,2022-04-13 18:22:35,Workout,3600.0,3600.0,0.0,0.0,
c6d588d0-a26f-4c87-b8cc-a9f3b303fdcb,2022-04-14 05:44:28,Ride,1631.0,828.0,4172.0,5.038647174835205,82.81666564941406
19417d7a-f73d-49c8-a122-c2efbf761f5b,2022-04-14 15:51:07,Ride,959.0,878.0,4079.0,4.645785808563232,91.36027526855469
d5f868aa-6d96-419b-b481-188d2a5edc14,2022-04-14 16:50:22,Run,2669.0,2669.0,7198.0,2.696890115737915,149.33815002441406
497737d9-5d8a-4b4d-8b91-dcaad05807ff,2022-04-18 16:53:11,Run,3725.0,3716.0,10016.0,2.695371389389038,158.82305908203125
89c23a73-32b7-4282-84d8-8e1d9e233ee5,2022-04-20 16:09:03,Run,856.0,856.0,2700.0,3.154205560684204,153.65380859375
e176f6a7-cd94-4525-82b0-ba793141f9df,2022-04-20 16:49:47,Run,948.0,948.0,3199.0,3.3744726181030273,157.06277465820312
d7d1cd4c-89c3-4510-8624-70450bb0e276,2022-04-21 06:10:15,Ride,900.0,758.0,4037.0,5.325857639312744,102.5770263671875
385396c6-b357-426c-974c-0e94286621ea,2022-04-21 15:15:18,Ride,7659.0,7273.0,35545.0,4.887254238128662,93.82879638671875
38e8fbfc-b445-4936-a3aa-4a757edfa3a6,2022-04-23 11:03:26,Run,5303.0,4326.0,7027.0,1.6243642568588257,135.045654296875
9a6e7494-8fe6-4a47-996b-9067acea0605,2022-04-24 10:44:51,Run,9032.0,7957.0,15120.0,1.900213599205017,153.64260864257812
6add60da-11ad-4e15-963c-8374f0227880,2022-04-24 18:32:03,Workout,3600.0,3600.0,0.0,0.0,
d90dbba5-5052-428a-8d30-83ed05a12a85,2022-04-25 16:02:12,Run,1151.0,1151.0,3206.7099609375,2.7860207557678223,
bb30b6b1-779f-4af1-9700-3cfb0a2af7f1,2022-04-27 16:12:01,Run,339.0,339.0,967.6199951171875,2.8543362617492676,
4825f206-d107-4078-abd1-90f254562182,2022-04-28 05:25:38,Ride,968.0,749.0,3941.0,5.261682033538818,92.00135803222656
c503888b-bcf8-442a-b55f-10f2b0a11b31,2022-04-28 14:57:33,Ride,13570.0,10510.0,36644.0,3.486584186553955,86.21275329589844
646c1ecb-cebe-4e19-9dec-3a6b704bebe4,2022-05-01 11:06:28,Run,4292.0,4292.0,12431.0,2.8963186740875244,137.4061279296875
f25048d5-928d-4899-9e01-5a6c14aaace6,2022-05-05 07:47:55,Ride,2888.0,2710.0,13030.0,4.808117866516113,88.71331024169922
90cbbcdc-8178-4270-ab94-29df3cdcf2cf,2022-05-06 10:06:43,Hike,25325.0,15369.0,19296.0,1.25551438331604,108.31324005126953
e9ac93db-30c7-46de-8f3b-3c91771417dd,2022-05-07 10:20:10,E-Bike Ride,19181.0,12791.0,56544.0,4.420608043670654,116.77607727050781
794944f3-ce25-4afc-927d-cf5f7792fab1,2022-05-08 09:04:57,Rowing,5608.0,5515.0,7149.0,1.2962828874588013,61.845481872558594
86aff3d3-d7dc-4c66-9b2b-b86d9b682b06,2022-05-08 15:00:42,Hike,2987.0,2043.0,1851.0,0.9060205817222595,97.21439361572266
38dd92fa-9e1a-4b88-a08f-519f0183f64a,2022-05-09 09:25:53,Hike,21468.0,12922.0,16364.0,1.2663674354553223,91.26127624511719
e519f8f5-8bd9-425e-af20-c7e551eb9093,2022-05-11 16:00:54,Run,836.0,836.0,2417.0,2.891148328781128,123.5731430053711
a632c742-3aa7-49aa-9499-1dd640071cb8,2022-05-11 16:37:37,Run,1426.0,1426.0,3521.0,2.469144344329834,158.17239379882812
728c4f86-3cf7-4d17-8b95-196cea45857f,2022-05-16 16:35:54,Run,501.0,253.0,639.0,2.5256917476654053,145.2928924560547
2b8b344a-424e-499b-bd8d-d942f095910b,2022-05-16 16:00:53,Run,1110.0,1110.0,3260.0,2.936936855316162,158.89720153808594
b8737042-6747-48f7-99f5-a794486ff43f,2022-05-18 16:05:50,Run,745.0,745.0,2365.10009765625,3.174630880355835,
664d5adc-bfc6-42e9-ae7c-d86347abf7a3,2022-05-21 07:32:15,Run,2374.0,2361.0,7153.0,3.029648542404175,133.17276000976562
502a2c0e-84e9-4ed5-a306-189d2a6877c3,2022-05-22 13:18:33,Run,8646.0,8549.0,20959.0,2.451631784439087,154.84669494628906
d733d6a0-fddf-45b1-9587-22129347b9ff,2022-05-23 06:18:55,Ride,845.0,782.0,4048.0,5.176470756530762,98.93614196777344
97489ed5-e6de-423a-ab98-f53d4ee9c382,2022-05-23 14:30:03,Ride,656.0,612.0,2863.0,4.678104400634766,72.04802703857422
c61628f9-39f1-4087-b7fa-b4ac1e01d4a3,2022-05-24 15:18:01,Ride,14311.0,9979.0,33787.0,3.385810136795044,93.73577117919922
aeeed2fc-44f0-4a21-b45c-49f16d1211a3,2022-05-25 16:06:35,Run,899.0,896.0,2398.0,2.6763393878936768,151.32583618164062
2ed308a9-0ec2-4600-8dcd-4681265f906a,2022-05-25 16:45:24,Run,1625.0,1614.0,4794.0,2.9702601432800293,132.70233154296875
397b12f7-0de6-4eaa-b169-faa5ed71e420,2022-05-27 05:53:35,Ride,827.0,743.0,4043.0,5.441453456878662,104.7455062866211
8fe74440-5b5c-496a-82b3-342dbb92f62e,2022-05-27 15:42:22,Ride,387.0,295.0,1782.0,6.040678024291992,96.25806427001953
62ed7dab-c8e1-42b6-bf43-4697eb177b59,2022-05-29 06:30:03,Run,6211.0,6198.0,21461.0,3.462568521499634,155.33543395996094
6394c300-ecda-474c-b856-9962c6a117da,2022-06-01 16:51:38,Run,3138.0,3138.0,8934.0,2.847036361694336,156.78823852539062
856ef29f-503b-4835-8707-92f1e58c51b4,2022-06-02 16:46:01,Run,4647.0,3627.0,10231.0,2.820788621902466,154.02476501464844
c49b5318-a8f6-48e3-8e33-4d221d6af742,2022-06-06 16:02:32,Run,1385.0,1341.0,4222.0,3.1483967304229736,142.9612274169922
b1a71171-9f7e-47a8-87fb-57c743c97ba9,2022-06-06 16:49:44,Run,597.0,513.0,1493.0,2.9103314876556396,123.41915893554688
ca8a2975-111f-497e-b655-a60133cbe98f,2022-06-08 16:00:17,Run,1168.0,1164.0,3860.0,3.3161511421203613,109.28189849853516
9fb168d9-136e-42c8-99d8-cca2a5b5cc59,2022-06-09 16:00:06,Ride,6491.0,3397.0,14303.0,4.210479736328125,85.62507629394531
b0cf03ce-6a47-458b-a856-8c7a3b625d17,2022-06-10 15:22:24,Run,7886.0,6029.0,11099.0,1.840935468673706,122.53681182861328
bcc56e1f-0a8d-4389-967c-016c186cac4f,2022-06-12 18:52:23,Run,1762.0,1727.0,4634.0,2.6832656860351562,144.76446533203125
5ddaa12c-f0cf-4de9-939c-aeb76ac851b0,2022-06-13 16:00:23,Run,1137.0,1123.0,3428.0,3.0525379180908203,136.89759826660156
a36a3efb-fcd8-45c1-9e10-09216e1c29ef,2022-06-14 06:50:44,Ride,917.0,756.0,3993.0,5.281745910644531,97.40766143798828
3ce895b6-9295-4f90-a27a-12e5ebfa0f28,2022-06-14 16:11:06,Ride,405.0,311.0,1713.0,5.508038520812988,91.46905517578125
0e6db8fa-6836-48e6-b123-4a0fbebe6179,2022-06-15 04:22:47,Ride,6865.0,5987.0,29435.0,4.916485786437988,90.61653900146484
e7a23fd8-fd6b-434b-9b37-67aa91ac5b5a,2022-06-15 16:00:09,Run,899.0,896.0,2778.0,3.1004464626312256,148.5672607421875
da99ade3-fccd-4221-9bf1-f396fa9cd5b6,2022-06-15 16:27:07,Run,1747.0,1747.0,5964.0,3.4138522148132324,147.0751953125
1adc3136-401f-491f-bed7-60db05b09d22,2022-06-16 14:09:30,Ride,12753.0,9720.0,34397.0,3.538785934448242,90.58151245117188
7bb36160-8e39-4423-9604-2128d9ec47c9,2022-06-19 06:02:34,Run,3079.0,2643.0,6960.4501953125,2.6335415840148926,
49e0a232-9c04-405f-b709-ce70d7a6be8b,2022-06-19 09:22:19,Ride,11000.0,10646.0,46635.0,4.380518436431885,129.23922729492188
05b6c3e0-5e09-4b4c-ae09-9c3bff90d028,2022-06-20 16:20:40,Run,3583.0,3583.0,10754.0,3.0013954639434814,137.44554138183594
fe98eb4d-978c-49f5-ad7e-9592bbcf75b4,2022-06-22 16:00:32,Run,1149.0,1149.0,3410.0,2.9677979946136475,145.2786102294922
38f81595-6718-4f13-b2f3-8bbbc0f13780,2022-06-24 08:30:32,Rowing,21631.0,10350.0,14729.0,1.4230917692184448,71.24778747558594
6126512b-8a07-4d9d-8ce4-879fcd3c414c,2022-06-26 06:03:47,Run,3021.0,2825.0,7132.0,2.524601697921753,133.3642578125
a795c556-5d25-4a30-85b8-c1816e9eb94c,2022-06-26 17:08:28,Run,4414.0,4295.0,10309.0,2.4002327919006348,135.54214477539062
749b9859-4b0e-4685-a72b-129ad71a71d3,2022-06-29 16:01:12,Run,1204.0,1204.0,3392.0,2.8172757625579834,118.96452331542969
7824123f-be86-401c-8d2b-c6fceb0dc039,2022-06-27 16:05:57,Run,805.0,802.0,2405.0,2.998753070831299,128.2923126220703
1b517ec7-921a-4084-af0f-3206d29b007c,2022-06-27 16:43:20,Run,1620.0,1405.0,4247.0,3.022775888442993,127.8493881225586
29ea46ec-f125-4b10-a20c-986002cc3539,2022-06-29 16:44:38,Run,203.0,203.0,587.0,2.8916256427764893,119.94059753417969
660b2a6a-795d-4473-8237-0ec853f41e4c,2022-06-30 06:19:03,Ride,812.0,599.0,2785.0,4.649415493011475,90.37036895751953
6263e03e-e67c-47d8-8ad5-b61bd9e1c390,2022-07-02 09:54:17,Rowing,10152.0,6684.0,8340.0,1.2477558851242065,70.18269348144531
9abdd1b5-7942-4613-94dc-2c7db1a244d6,2022-07-02 07:05:57,Hike,10060.0,5450.0,8663.0,1.5895413160324097,93.58202362060547
13357d74-2109-4a1a-8404-4fa923aeba05,2022-07-03 05:45:48,Rowing,5871.0,2723.0,8557.0,3.1424899101257324,99.40426635742188
1e879d95-279a-4565-a8a1-2bd83a95acf1,2022-07-03 07:35:54,Hike,4706.0,2493.0,5026.0,2.016044855117798,101.32061004638672
ddb998f8-34d0-496f-9d8c-25d16433b57a,2022-07-04 15:59:49,Run,1154.0,1148.0,3100.0,2.700348377227783,125.66754913330078
398b48e1-d29b-4962-825a-5e60da345fda,2022-07-04 16:41:41,Run,2060.0,1705.0,5862.0,3.4381232261657715,114.97611999511719
9bf48fe6-9038-4962-a4e5-b83aad46e616,2022-07-05 06:06:13,Ride,1043.0,840.0,4035.0,4.8035712242126465,80.45193481445312
f24e07fa-9d2b-4508-b1c9-ea48e6984a52,2022-07-05 15:09:55,Ride,15972.0,7692.0,36741.0,4.7765212059021,85.39031982421875
18a72d32-e931-45ce-8283-d4d72aa2d0e6,2022-07-06 17:27:14,Run,6057.0,5932.0,15297.0,2.578725576400757,132.21524047851562
889f9fd2-e9cd-47f5-a953-93d0fd68517a,2022-07-07 15:30:03,Ride,10674.0,10182.0,36360.0,3.57100772857666,99.68913269042969
81a2dcbd-9c8a-417d-9f5a-f14d88365518,2022-07-09 10:12:57,Ride,12428.0,10575.0,33289.0,3.1478960514068604,82.59514617919922
54dac1f8-ca4e-43d9-bae6-e7da6971159e,2022-07-10 07:33:55,Ride,11648.0,10758.0,51483.0,4.785554885864258,110.63996124267578
42bb3efb-e421-4b53-9ca2-8e83f2f1ad14,2022-07-11 16:43:55,Run,789.0,752.0,2113.0,2.809840440750122,152.6591796875
6aa823cf-5964-41c6-b60d-32839b9d9a7f,2022-07-13 16:03:10,Run,1227.0,1180.0,3480.0,2.9491524696350098,134.27989196777344
4d205a89-1ba5-492a-bad9-32fd74abc0da,2022-07-18 16:45:12,Run,1839.0,1514.0,5259.0,3.4735798835754395,146.49163818359375
8a134543-e2d9-4f8d-b633-f4f4c8cdccca,2022-07-18 16:06:51,Run,1309.0,1295.0,3626.0,2.799999952316284,139.26197814941406
c471588c-d17c-4ee2-a562-1eb4bb6264e5,2022-07-20 16:12:14,Run,656.0,656.0,1954.0,2.978658437728882,132.55963134765625
51a82fc5-8314-4d9a-8670-183ecdb62140,2022-07-20 16:49:59,Run,539.0,538.0,650.0,1.2081784009933472,119.57918548583984
47b42a5e-db03-4f40-928a-3bb54f975990,2022-07-25 16:42:09,Run,1118.0,638.0,1617.0,2.534482717514038,116.14195251464844
71424e5c-3aa3-48e4-b057-7d18f87fdbd7,2022-07-25 16:09:16,Run,599.0,587.0,1658.0,2.8245315551757812,157.8393096923828
8a6266ff-e8fe-41e9-9627-775d1832f3bc,2022-07-27 16:05:37,Run,1149.0,1117.0,3176.0,2.8433303833007812,121.35352325439453
a2f10dfc-4f91-40dc-bcac-3ed0ff145f8e,2022-07-28 19:22:49,Run,1451.0,1451.0,3631.0,2.5024120807647705,163.91172790527344
2a15428a-4f80-4dd4-830f-b32e36de8a78,2022-07-29 09:57:24,Rowing,11540.0,3605.0,11683.0,3.240776777267456,71.62970733642578
a4a0b4e6-d452-4db0-9f13-cb8530658d2d,2022-07-31 07:28:03,Run,11487.0,11202.0,30049.0,2.682467460632324,176.36062622070312
cdd7b827-1bc1-43dd-9588-e8af08cc09ac,2022-08-01 16:11:55,Run,895.0,862.0,2452.0,2.8445475101470947,129.4270782470703
945ac6a3-97fa-47e1-ab55-cb58250fac3b,2022-08-01 16:55:13,Run,967.0,920.0,3036.0,3.299999952316284,130.78369140625
bbbcaa71-6060-453b-b605-16fc1c9b572b,2022-08-03 16:12:28,Run,617.0,617.0,1974.0,3.1993517875671387,146.08660888671875
122648eb-9b19-43bd-9a40-5c82d17fb33a,2022-08-04 03:38:31,Run,2616.0,2598.0,7214.0,2.7767512798309326,132.9351806640625
85e4fccc-5c0b-4cd7-bba5-eef93a81a215,2022-08-07 13:26:38,Ride,893.0,849.0,3893.0,4.585394382476807,93.16216278076172
77337fbe-5aa0-47b9-b59a-cd6770ed2112,2022-08-07 14:05:28,Ride,9551.0,4576.0,23666.0,5.1717658042907715,83.05801391601562
9325dd22-3e8c-4470-91c6-eb88b9e70ea9,2022-08-10 16:02:52,Run,2845.0,2843.0,8088.0,2.8448822498321533,152.291748046875
8c056762-61e8-489d-b056-f26a978b888d,2022-08-11 08:44:52,Run,6785.0,6717.0,21002.0,3.1266934871673584,126.08613586425781
103df10d-7b24-4040-9a81-90fdd3f7c6fd,2022-08-12 14:16:50,Run,269.0,269.0,1016.0,3.776951789855957,155.14869689941406
09a1b850-c780-4250-b5b2-aae08396fe20,2022-08-12 14:24:28,Run,260.0,260.0,1007.0,3.873076915740967,160.06614685058594
745b4863-229e-4cac-97a8-cd41960d01fb,2022-08-12 14:32:34,Run,477.0,477.0,1003.0,2.1027252674102783,155.11111450195312
dd5313df-1e49-4e3e-b60d-1f861c7664a5,2022-08-12 14:49:50,Run,931.0,928.0,2008.0,2.1637930870056152,167.50650024414062
6d94252d-ca9c-4437-b9ea-044c22bb4299,2022-08-13 18:40:05,Run,2937.0,2932.0,7175.0,2.4471349716186523,108.82001495361328
c9833c03-a2bf-4a84-9563-3e6d5af94e48,2022-08-15 19:33:00,Run,2284.0,2274.0,6839.0,3.0074758529663086,92.41009521484375
4a3156d9-26fa-4099-8318-70003dfed6d1,2022-08-16 05:03:17,Run,1852.0,1840.0,5295.0,2.8777174949645996,114.48673248291016
59ecc674-2ad8-4cd5-a069-3de944b3de1d,2022-08-17 04:26:58,Run,2038.0,2031.0,6136.0,3.021171808242798,111.31739044189453
0d68d14c-73cc-4cc3-97d2-688a890144f1,2022-08-17 10:16:26,Hike,10901.0,5612.0,7711.0,1.374019980430603,109.8144302368164
40443269-9d29-4789-9f29-b5743fe1f1f3,2022-08-20 15:25:48,Run,8285.0,7800.0,20149.689453125,2.5832934379577637,115.6178207397461
dc27c75f-8090-41cb-a82e-344272699f29,2022-08-22 16:52:55,Run,218.0,210.0,606.0,2.885714292526245,138.84133911132812
2902f1ab-bd39-4af6-8766-9ebc75eb109d,2022-08-22 16:59:21,Run,587.0,416.0,647.0,1.5552884340286255,114.56658935546875
f7779198-cfbf-49d9-8982-31b42cb44d7e,2022-08-22 17:10:18,Run,454.0,447.0,1221.0,2.73154354095459,144.6036376953125
8c8425fd-f473-4643-b106-d95c4f301ce0,2022-08-25 15:21:22,Ride,14144.0,9682.0,34387.0,3.5516421794891357,85.60090637207031
4651bc0c-104b-4a7f-8c84-46a45006703f,2022-08-26 04:12:53,Ride,842.0,733.0,5463.0,7.452933311462402,119.57858276367188
af964860-6204-40b0-9a93-e60c46d6e6c8,2022-08-28 09:59:01,Workout,10427.0,9984.0,30995.0,3.1044671535491943,119.57259368896484
169757ab-4188-4e48-88bf-7ae6038caee0,2022-08-29 16:47:02,Run,224.0,209.0,456.0,2.1818182468414307,101.32820892333984
b29e869d-c27e-4f79-8787-15bf99157200,2022-08-29 16:07:14,Run,1357.0,1351.0,3451.0,2.5544042587280273,111.70640563964844
5879f963-a447-48db-a6ce-3e2744cb041f,2022-08-29 16:52:42,Run,1640.0,1634.0,4638.0,2.838433265686035,129.5836944580078
cd5ae985-5897-4e97-9939-a09b68c6a285,2022-09-03 13:27:17,Run,4206.0,4201.0,12241.0,2.913830041885376,145.97344970703125
7efd3484-8ce3-4bb9-b59a-74172e4d20dd,2022-09-05 17:02:02,Run,275.0,270.0,979.0,3.6259260177612305,162.56439208984375
0a1317fe-ca56-4693-9a66-f254bace0f5f,2022-09-05 16:08:45,Run,837.0,827.0,2306.0,2.7883918285369873,102.45454406738281
67f535c6-577f-4bdb-b9f0-72b601d7aa0a,2022-09-12 18:31:33,Run,3191.0,3184.0,9231.0,2.899183511734009,154.84449768066406
ac150f8e-f0aa-4da1-9417-75f6a775e111,2022-09-13 18:10:03,Run,1944.0,1937.0,5462.0,2.819824457168579,147.7017364501953
8afdc4e9-df88-4b4e-ba8d-eeca07325eeb,2022-09-14 15:44:31,Run,3565.0,2906.0,6419.0,2.2088782787323,136.5900115966797
9e9519ff-6d6a-427c-9c97-e09e1c81cde9,2022-09-19 14:08:45,Ride,12853.0,9017.0,36924.0,4.094931602478027,86.87236785888672
4c5b6156-571a-4fcf-89c7-83a8109bac1f,2022-09-19 18:24:43,Ride,1556.0,1489.0,9388.0,6.30490255355835,86.42035675048828
9e5e525d-baff-472a-a4e2-dfad808494a3,2022-09-21 17:23:53,Run,7902.0,6455.0,19359.0,2.999070405960083,132.0834197998047
474cc6a0-d553-4641-86d0-abe43791ea33,2022-09-24 16:39:08,Run,2683.0,2683.0,7535.0,2.8084235191345215,159.06089782714844
c9dce995-a1fb-4024-a8d3-04ea67bb8bc0,2022-09-26 18:07:05,Ride,726.0,726.0,2844.0,3.9173552989959717,71.70084381103516
297a70b4-661e-46c0-b0d9-cf13b9cb343c,2022-09-26 19:19:02,Run,1218.0,1214.0,3790.0,3.12191104888916,151.6451873779297
ab790b37-e649-4372-ae51-6c65a5f45eed,2022-10-05 17:05:57,Run,2501.0,2497.0,6643.0,2.6603925228118896,106.25411224365234
0bf855fb-109d-444d-ade6-47590c3ffd90,2022-10-08 08:59:52,Ride,14410.0,13611.0,55964.0,4.1116743087768555,106.60497283935547
fd210a3b-c123-458c-9ba9-78ccd67e06d0,2022-10-10 14:08:12,Ride,16692.0,12003.0,42472.0,3.5384488105773926,78.59687805175781
0e33c5dd-5969-4d00-9ba2-286e15565f3a,2022-10-11 16:04:36,Run,2492.0,2466.0,7136.0,2.8937549591064453,115.26447296142578
caa7b2c5-cbd2-4996-a2b5-297a8a4f3131,2022-10-15 09:00:00,Run,6860.0,6805.0,21186.0,3.1132991313934326,145.12454223632812
1b881928-858f-4015-b1e6-54b363dd0a06,2022-11-02 16:13:18,Run,3087.0,3080.0,7955.0,2.582792282104492,
4f210d77-5967-4061-981b-bd803b72b495,2022-11-12 09:59:45,Ride,21457.0,19995.0,64468.0,3.22420597076416,79.55805206298828
4b37f3e5-3577-48c4-a3ad-8c6045bb328d,2022-11-18 05:49:56,Run,823.0,820.0,2332.0,2.843902349472046,118.43167114257812
74faf470-b3e1-4229-af6c-4e17dfd0c322,2022-11-20 14:49:41,Run,1688.0,1688.0,5134.0,3.041469097137451,162.04827880859375
94a7089f-5630-4009-805b-86d79a5793d7,2022-11-25 06:25:33,Run,807.0,797.0,2282.0,2.863237142562866,135.5782470703125
be212d3b-efe3-4466-8d19-0968d3bb0cba,2022-11-29 05:04:11,Run,823.0,812.0,2244.0,2.7635467052459717,131.89230346679688
6c9829ff-3328-43ea-9646-1821748121d4,2022-12-04 08:59:30,Run,2374.0,2366.0,7008.0,2.961961030960083,141.13368225097656
89c97bcd-6b38-4f46-b377-ed531028d109,2022-12-05 05:35:30,Run,772.0,771.0,2224.0,2.884565591812134,119.2786865234375
2683a264-a0a5-46aa-a9f0-f49d9c840345,2022-12-11 17:22:34,Run,2543.0,2543.0,7119.0,2.7994494438171387,
c090f55c-d0ca-427c-b40f-4ea2a5d01e87,2022-12-14 04:55:29,Run,802.0,802.0,2250.0,2.8054862022399902,
ed3eaf5f-10d5-4745-9cb4-babfe39ee37e,2022-12-18 18:56:25,Run,2667.0,2388.0,6979.0,2.9225292205810547,
443204bd-3956-4223-b547-df20a9011851,2022-12-24 10:50:45,Run,4506.0,4438.0,12612.0,2.84182071685791,
d8c4d08b-4502-4d65-8564-a0175c5688fc,2022-12-25 09:57:41,Run,4427.0,4410.0,12552.0,2.8462584018707275,
9bfebee6-3b06-4699-a407-355ec944db61,2023-01-02 16:00:02,Workout,3600.0,3600.0,0.0,0.0,
c312579b-ebc4-4d86-bbbb-f8d86740771c,2023-01-07 10:00:28,Run,2552.0,2542.0,9077.0,3.570810317993164,160.70790100097656
80f06463-8da9-4085-aeaf-3decae14c219,2023-01-08 10:56:26,Run,2712.0,2703.0,7132.0,2.6385498046875,
f38604b7-24a2-4f26-a28e-26be7d8203de,2023-01-11 18:26:18,Run,2778.0,2768.0,7933.0,2.8659682273864746,
e6b7ceb8-1af2-4cf9-86ca-2266735b9ca2,2023-01-14 07:40:03,Hike,29579.0,15470.0,24066.0,1.5556560754776,91.51566314697266
932576ca-08e0-43b6-9ff7-9f75014aed55,2023-01-28 17:37:25,Run,2607.0,2607.0,7423.0,2.847334146499634,
b30e2c71-41a3-4139-89d2-ac0494540ffa,2023-01-29 11:50:17,Run,2667.0,2661.0,7790.0,2.9274709224700928,
3ca0f9bf-7a61-46a1-910c-a5ffaf9ac3f6,2023-02-11 15:44:53,Run,2519.0,2515.0,7406.0,2.9447317123413086,132.157958984375
84223d6f-3b8e-4a74-b6e9-83d507e10e53,2023-02-21 13:59:52,Nordic Ski,1364.0,1012.0,1413.0,1.396245002746582,97.94242858886719
957cd675-78c1-42b5-ad36-cc0ddda72bb4,2023-02-21 10:15:00,Nordic Ski,6750.0,2486.0,5435.0,2.1862430572509766,94.3894271850586
d0f5906a-ff17-46ea-8982-d739a37b0e8f,2023-02-03 16:17:43,Run,3531.0,3436.0,9561.0,2.7825961112976074,111.96991729736328
592dd479-3089-438f-860a-71b44e45eb5a,2023-02-06 18:29:10,Run,2915.0,2901.0,7971.0,2.747673273086548,150.82383728027344
e6880de4-80f2-400b-908f-7aa03b1f8c8b,2023-02-23 08:53:24,Snowboard,19716.0,11038.0,40416.0,3.6615328788757324,86.05795288085938
12f38fbd-27de-4164-8b96-1147e81b9442,2023-02-24 09:09:24,Snowboard,14859.0,9953.0,38325.0,3.850597858428955,93.5697021484375
4514886c-7197-4d04-9579-5c0337a98cfd,2023-02-28 18:50:27,Run,1232.0,1225.0,3447.0,2.813877582550049,125.47583770751953
66fc4e13-59cc-4ded-b736-3eb2752e4356,2023-03-04 09:56:30,Swim,5177.0,1995.0,1198.3299560546875,0.6006666421890259,101.76646423339844
52d9c077-6891-426e-b45d-774e8b15ed1d,2023-03-05 10:43:48,Run,3054.0,2506.0,7204.0,2.8747007846832275,132.9822998046875
4bff9eae-aa4d-4208-a372-92c8da8341c6,2023-03-30 04:14:57,Run,1394.0,1394.0,3768.760009765625,2.7035582065582275,
d53cb592-e72c-4e77-b1d3-88afc5c913ce,2023-03-17 18:02:07,Run,912.0,912.0,2453.0,2.689692974090576,
57079bbd-3a00-4731-be2b-60def16b7c53,2023-03-19 18:23:00,Run,2285.0,2279.0,6635.0,2.9113645553588867,121.1203842163086
9c483982-8b0b-41a1-b4c1-3d3324245d7e,2023-03-25 12:52:00,Hike,7069.0,6608.0,7366.0,1.114709496498108,118.55307006835938
d59a3693-d1e8-40ab-a8a3-bf35e1d35b56,2023-04-01 09:00:44,Run,10716.0,9830.0,22842.0,2.3237030506134033,127.1039810180664
034885b4-5059-4b48-b576-7d5d6bf120d8,2023-04-02 15:57:21,Hike,1605.0,876.0,3335.0,3.807077646255493,129.77853393554688
84d347d4-2cdb-4b26-bb0d-0e9a04c41f75,2023-04-03 16:00:44,Workout,3600.0,3600.0,0.0,0.0,
f6c24aba-feb5-4d53-a135-b7e21df9b7c5,2023-04-10 17:13:03,Run,2572.0,2568.0,7131.0,2.776869058609009,149.505126953125
d96a3e40-6600-4d10-ad4d-8ce96206e935,2023-04-14 18:16:18,Run,2420.0,2420.0,6463.0,2.670661211013794,135.8022003173828
07b6d29a-ad04-4fb9-8c96-860304d1c188,2023-04-18 18:16:48,Run,2526.0,2506.0,6734.0,2.6871509552001953,121.5324478149414
d4194700-5170-4ba8-a17f-3fbe520d61a3,2023-04-12 17:28:44,Run,2397.0,2392.0,6509.0,2.721153736114502,126.85905456542969
799dd1d7-04e3-4a6c-bf91-cc0744e99118,2023-04-19 14:08:29,Ride,13965.0,10549.0,32393.0,3.0707175731658936,80.28047180175781
d445b166-5433-4e36-a95d-ad18f8271ba5,2023-04-22 11:36:50,Run,3787.0,3204.0,5554.0,1.733458161354065,124.793212890625
0a19b582-0d9d-48cc-8c3f-e3a91d0ef417,2023-04-23 09:58:22,Run,7019.0,6225.0,10430.0,1.675502061843872,124.86591339111328
bba62fef-051e-466c-a519-237f96b0cc77,2023-04-26 04:43:53,Run,2424.0,2424.0,7225.0,2.9806106090545654,160.6884765625
fb53235b-a9b7-4479-8b50-ba3052a41a0f,2023-04-27 04:02:35,Run,2410.0,2401.0,7047.0,2.9350271224975586,134.69247436523438
c25907e9-12c3-43ab-87b2-7ea62c0e00bc,2023-05-05 17:43:55,Run,2768.0,2762.0,7132.0,2.5821869373321533,136.1324920654297
fb101f10-cd19-42fe-baf3-fefedda7383a,2023-05-01 17:13:46,Run,3173.0,2760.0,7746.0,2.8065216541290283,149.32069396972656
dc280608-d526-49fd-b503-cc58d26cc79b,2023-05-07 15:17:03,Run,3366.0,3362.0,10006.0,2.9762046337127686,159.97605895996094
2bb5cd18-ea97-4ab1-9482-4c9ca46de735,2023-05-11 04:53:06,Run,2544.0,2544.0,7152.0,2.8113207817077637,125.8590087890625
ec2250e6-e3b4-4dc1-87ad-87630c97431e,2023-05-14 16:31:30,Run,3342.0,3310.0,9735.0,2.9410877227783203,161.1947784423828
943aab8b-572a-4000-94fe-c623372e0bc7,2023-05-13 12:45:34,Run,3623.0,3582.0,9450.0,2.638190984725952,125.9559555053711
f2c04d73-fec3-490d-9263-11341d85594c,2023-05-18 05:05:03,Run,1322.0,1322.0,3569.0,2.699697494506836,133.0552215576172
1823dd21-a613-47d0-a5cc-1ac96f6825c8,2023-05-21 07:54:42,Run,7813.0,7441.0,18295.0,2.458674907684326,129.11448669433594
3feba494-5286-4bcb-b963-6318db234db8,2023-05-17 05:21:36,Run,2140.0,2140.0,6069.0,2.8359813690185547,125.4109878540039
7b03d375-75bc-4e0d-9dfb-30f7be397dcb,2023-05-23 04:08:40,Run,2479.0,2479.0,7171.0,2.8926987648010254,159.737548828125
aceb00a3-1ec1-49a7-9d7e-ed3b953ae8ce,2023-05-27 14:00:01,Run,6008.0,5948.0,21413.0,3.6000335216522217,153.69900512695312
c315d94e-49fc-4d31-afa8-64f20e6e1fd4,2023-05-31 13:52:42,Ride,17830.0,12099.0,50887.0,4.20588493347168,84.4380111694336
09fdd478-8558-4f71-aedc-0398f5688835,2023-06-07 16:58:56,Run,2445.0,2445.0,5871.0,2.4012269973754883,124.45429992675781
355e83f0-5a50-4ff3-b03f-95a31d98c3da,2023-06-09 04:28:43,Run,2683.0,2683.0,7108.0,2.649273157119751,121.66216278076172
7ef00979-a53a-479d-b517-3c4d6b5651c3,2023-06-10 14:43:19,Run,4337.0,4337.0,11407.0,2.6301591396331787,153.6484375
e9745c20-e8e0-4c37-b7b6-78ec0fd29670,2023-06-11 10:47:35,Ride,5547.0,4038.0,24244.0,6.003962516784668,94.01663970947266
8196aeb7-8eb1-43d0-b044-0fbc5e015b0a,2023-06-13 14:09:19,Ride,14830.0,10869.0,50989.0,4.691231727600098,95.71753692626953
9f3797f0-188a-4bd3-81ba-de93645c4b22,2023-06-16 17:59:07,Run,1439.0,1403.0,3455.0,2.4625802040100098,143.4299774169922
a25123c8-2cfb-4651-a765-60b95ad4088d,2023-06-17 14:52:23,Run,3372.0,3368.0,10710.0,3.179928779602051,135.9880828857422
10eb3d94-9daa-45b0-b302-bb8f41323310,2023-06-20 04:57:56,Run,2191.0,2188.0,6329.0,2.8925960063934326,119.61011505126953
ad9191f3-cbc6-4e74-a6d4-102ab44ba758,2023-06-23 08:14:32,Run,1618.0,1607.0,4718.0,2.9359054565429688,119.8536148071289
e96c3272-2e8c-41d2-85aa-fd4c8384c6cf,2023-06-22 05:07:43,Run,2325.0,2321.0,7056.0,3.0400688648223877,122.76976013183594
976f4ab1-6d82-4e95-8130-45516a5cfd65,2023-06-25 17:07:04,Hike,10730.0,7752.0,7761.0,1.001160979270935,104.15662384033203
738530fd-f0b8-4a37-a313-1ed742c7d170,2023-06-26 01:01:08,Hike,13989.0,10247.0,11670.0,1.1388698816299438,101.61417388916016
0b7778e1-0604-4ac2-837a-b96d4606fb26,2023-06-25 05:58:20,Hike,17417.0,11931.0,13743.0,1.151873230934143,105.92754364013672
c612be8a-ba37-4e7e-b2fa-97e05413e391,2023-07-01 06:44:01,Hike,19000.0,10604.0,20052.0,1.8909845352172852,96.1871566772461
837253e4-33d8-4355-8ac5-77b581fb9308,2023-07-01 12:41:28,Rowing,12442.0,9599.0,6242.7998046875,0.6503593921661377,68.64373779296875
1418064a-14db-4f94-87c6-c9cacb414470,2023-07-03 17:28:00,Run,2684.0,2680.0,7384.0,2.7552239894866943,126.69493103027344
a663edcb-9e20-48b5-9269-c067c9aec72c,2023-07-05 04:49:39,Run,2544.0,2539.0,7135.0,2.810161590576172,154.2429962158203
dfa5a3d3-51d7-4a73-99d4-70fd1f0044f9,2023-07-11 09:15:43,Hike,14264.0,6504.0,9254.0,1.4228167533874512,103.19361114501953
28190784-4fa8-4da9-ba8f-b9b21889f1d4,2023-07-12 05:50:32,Hike,35400.0,14673.0,26273.0,1.7905677556991577,110.15721130371094
2608d7ad-0c56-44f2-99cb-fb1b218b28c1,2023-07-14 05:12:51,Hike,32252.0,11248.0,9860.0,0.8766002655029297,107.05750274658203
fc68591e-17da-4e92-9b63-61afec772274,2023-07-13 06:50:33,Hike,29694.0,9511.0,17524.0,1.8424981832504272,102.22128295898438
99ba6557-f440-4cc3-a65c-47bc7fbea246,2023-07-16 05:51:02,Hike,25930.0,13002.0,17795.0,1.3686355352401733,104.10236358642578
964a578f-92aa-492e-b259-9a12ecc4ad83,2023-07-15 04:54:16,Hike,53301.0,16597.0,18463.0,1.1124299764633179,105.9126968383789
eceed334-e0a4-4a5c-8065-013874ec233e,2023-07-17 05:37:16,Hike,39418.0,17911.0,23077.0,1.288426160812378,121.07489013671875
9dfb387a-15dd-41cd-b93f-61d81c78a27a,2023-07-18 06:27:43,Hike,35127.0,16666.0,18059.0,1.0835833549499512,103.27335357666016
6a37a601-89d6-4902-9c44-d795210c97a8,2023-07-19 07:07:37,Hike,37242.0,17542.0,19126.0,1.0902975797653198,97.19277954101562
3bda67ba-4775-45af-ba51-1469133a35f6,2023-07-20 05:15:47,Hike,17673.0,10611.0,13160.0,1.240222454071045,113.39066314697266
b7d4d672-1f4b-4e5b-bdac-aaf0e250b475,2023-07-22 12:29:27,Hike,23686.0,16395.0,23140.0,1.4114059209823608,111.4345474243164
562837e5-a454-427b-a7ae-ab428d4c5f8b,2023-07-26 14:06:24,Ride,9221.0,8285.0,35403.0,4.273144245147705,97.57083892822266
83e1746b-5ed1-467b-97e4-0bbd3003e5fa,2023-07-27 17:20:06,Run,2489.0,2485.0,7088.0,2.852313995361328,168.05145263671875
db6c167c-8cbc-4fb2-825c-2ff3af288f1f,2023-07-30 16:20:53,Run,4750.0,4733.0,13613.0,2.8761885166168213,157.70274353027344
e600977d-d12e-4dca-973b-4afbad34c022,2023-08-01 04:23:30,Run,2856.0,2850.0,8012.0,2.811228036880493,135.9620361328125
cefdaf82-78f5-4fc0-bf78-fc609bdedbe8,2023-08-02 04:46:30,Run,2652.0,2644.0,7102.0,2.686081647872925,128.53115844726562
352bc8d4-de3d-412b-858a-6562291162e5,2023-08-04 05:06:22,Run,2738.0,2672.0,7199.0,2.6942365169525146,109.98887634277344
5f07c7be-3ade-4822-8000-e3d01b273528,2023-08-06 14:21:47,Run,8583.0,8485.0,23699.0,2.793046474456787,119.13617706298828
